file_name,class,extension,readable,width,height,fps,frame_count,duration
NV_1.mp4,NonViolence,.mp4,True,1920,1080,24.9,66,2.65
NV_10.mp4,NonViolence,.mp4,True,224,224,30.0,150,5.0
NV_100.mp4,NonViolence,.mp4,True,224,224,30.0,150,5.0
NV_1000.mp4,NonViolence,.mp4,True,1280,720,23.98,104,4.34
NV_101.mp4,NonViolence,.mp4,True,224,224,30.0,150,5.0
NV_102.mp4,NonViolence,.mp4,True,224,224,30.0,150,5.0
NV_103.mp4,NonViolence,.mp4,True,224,224,25.0,125,5.0
NV_104.mp4,NonViolence,.mp4,True,224,224,30.0,150,5.0
NV_105.mp4,NonViolence,.mp4,True,224,224,25.0,125,5.0
NV_106.mp4,NonViolence,.mp4,True,224,224,25.0,125,5.0
NV_107.mp4,NonViolence,.mp4,True,224,224,25.0,125,5.0
NV_108.mp4,NonViolence,.mp4,True,224,224,30.0,150,5.0
NV_109.mp4,NonViolence,.mp4,True,224,224,30.0,150,5.0
NV_11.mp4,NonViolence,.mp4,True,1280,720,25.0,138,5.52
NV_110.mp4,NonViolence,.mp4,True,224,224,25.0,125,5.0
NV_111.mp4,NonViolence,.mp4,True,224,224,30.0,150,5.0
NV_112.mp4,NonViolence,.mp4,True,224,224,25.0,125,5.0
NV_113.mp4,NonViolence,.mp4,True,224,224,25.0,125,5.0
NV_114.mp4,NonViolence,.mp4,True,224,224,25.0,125,5.0
NV_115.mp4,NonViolence,.mp4,True,224,224,25.0,125,5.0
NV_116.mp4,NonViolence,.mp4,True,224,224,30.0,150,5.0
NV_117.mp4,NonViolence,.mp4,True,224,224,30.0,150,5.0
NV_118.mp4,NonViolence,.mp4,True,224,224,30.0,150,5.0
NV_119.mp4,NonViolence,.mp4,True,224,224,30.0,150,5.0
NV_12.mp4,NonViolence,.mp4,True,1280,720,25.0,138,5.52
NV_120.mp4,NonViolence,.mp4,True,224,224,30.0,150,5.0
NV_121.mp4,NonViolence,.mp4,True,224,224,30.0,150,5.0
NV_122.mp4,NonViolence,.mp4,True,224,224,30.0,150,5.0
NV_123.mp4,NonViolence,.mp4,True,224,224,30.0,150,5.0
NV_124.mp4,NonViolence,.mp4,True,224,224,25.0,125,5.0
NV_125.mp4,NonViolence,.mp4,True,224,224,25.0,125,5.0
NV_126.mp4,NonViolence,.mp4,True,224,224,30.0,150,5.0
NV_127.mp4,NonViolence,.mp4,True,224,224,30.0,150,5.0
NV_128.mp4,NonViolence,.mp4,True,224,224,30.0,150,5.0
NV_129.mp4,NonViolence,.mp4,True,224,224,30.0,150,5.0
NV_13.mp4,NonViolence,.mp4,True,1280,720,25.0,155,6.2
NV_130.mp4,NonViolence,.mp4,True,224,224,30.0,150,5.0
NV_131.mp4,NonViolence,.mp4,True,224,224,30.0,150,5.0
NV_132.mp4,NonViolence,.mp4,True,224,224,25.0,125,5.0
NV_133.mp4,NonViolence,.mp4,True,224,224,30.0,150,5.0
NV_134.mp4,NonViolence,.mp4,True,224,224,30.0,150,5.0
NV_135.mp4,NonViolence,.mp4,True,224,224,30.0,150,5.0
NV_136.mp4,NonViolence,.mp4,True,224,224,25.0,125,5.0
NV_137.mp4,NonViolence,.mp4,True,640,360,25.0,108,4.32
NV_138.mp4,NonViolence,.mp4,True,640,360,25.0,98,3.92
NV_139.mp4,NonViolence,.mp4,True,640,360,25.0,113,4.52
NV_14.mp4,NonViolence,.mp4,True,1280,720,25.0,110,4.4
NV_140.mp4,NonViolence,.mp4,True,640,360,25.0,115,4.6
NV_141.mp4,NonViolence,.mp4,True,640,360,25.0,105,4.2
NV_142.mp4,NonViolence,.mp4,True,640,360,25.0,95,3.8
NV_143.mp4,NonViolence,.mp4,True,224,224,30.0,150,5.0
NV_144.mp4,NonViolence,.mp4,True,640,360,25.0,113,4.52
NV_145.mp4,NonViolence,.mp4,True,640,360,25.0,125,5.0
NV_146.mp4,NonViolence,.mp4,True,224,224,25.0,125,5.0
NV_147.mp4,NonViolence,.mp4,True,224,224,25.0,125,5.0
NV_148.mp4,NonViolence,.mp4,True,224,224,25.0,125,5.0
NV_149.mp4,NonViolence,.mp4,True,224,224,25.0,125,5.0
NV_15.mp4,NonViolence,.mp4,True,1280,720,25.0,133,5.32
NV_150.mp4,NonViolence,.mp4,True,224,224,25.0,125,5.0
NV_151.mp4,NonViolence,.mp4,True,224,224,25.0,125,5.0
NV_152.mp4,NonViolence,.mp4,True,224,224,25.0,125,5.0
NV_153.mp4,NonViolence,.mp4,True,224,224,30.0,150,5.0
NV_154.mp4,NonViolence,.mp4,True,224,224,25.0,125,5.0
NV_155.mp4,NonViolence,.mp4,True,224,224,25.0,125,5.0
NV_156.mp4,NonViolence,.mp4,True,224,224,25.0,125,5.0
NV_157.mp4,NonViolence,.mp4,True,224,224,25.0,125,5.0
NV_158.mp4,NonViolence,.mp4,True,224,224,25.0,125,5.0
NV_159.mp4,NonViolence,.mp4,True,224,224,25.0,125,5.0
NV_16.mp4,NonViolence,.mp4,True,1280,720,25.0,115,4.6
NV_160.mp4,NonViolence,.mp4,True,224,224,25.0,125,5.0
NV_161.mp4,NonViolence,.mp4,True,224,224,25.0,125,5.0
NV_162.mp4,NonViolence,.mp4,True,224,224,25.0,125,5.0
NV_163.mp4,NonViolence,.mp4,True,224,224,25.0,125,5.0
NV_164.mp4,NonViolence,.mp4,True,224,224,30.0,150,5.0
NV_165.mp4,NonViolence,.mp4,True,224,224,25.0,125,5.0
NV_166.mp4,NonViolence,.mp4,True,224,224,25.0,125,5.0
NV_167.mp4,NonViolence,.mp4,True,224,224,25.0,125,5.0
NV_168.mp4,NonViolence,.mp4,True,224,224,25.0,125,5.0
NV_169.mp4,NonViolence,.mp4,True,224,224,25.0,125,5.0
NV_17.mp4,NonViolence,.mp4,True,1280,720,25.0,128,5.12
NV_170.mp4,NonViolence,.mp4,True,224,224,25.0,125,5.0
NV_171.mp4,NonViolence,.mp4,True,224,224,25.0,125,5.0
NV_172.mp4,NonViolence,.mp4,True,224,224,25.0,125,5.0
NV_173.mp4,NonViolence,.mp4,True,224,224,25.0,125,5.0
NV_174.mp4,NonViolence,.mp4,True,224,224,30.0,150,5.0
NV_175.mp4,NonViolence,.mp4,True,224,224,25.0,125,5.0
NV_176.mp4,NonViolence,.mp4,True,224,224,25.0,125,5.0
NV_177.mp4,NonViolence,.mp4,True,224,224,25.0,125,5.0
NV_178.mp4,NonViolence,.mp4,True,224,224,25.0,125,5.0
NV_179.mp4,NonViolence,.mp4,True,224,224,25.0,125,5.0
NV_18.mp4,NonViolence,.mp4,True,1280,720,30.0,144,4.8
NV_180.mp4,NonViolence,.mp4,True,640,360,25.0,108,4.32
NV_181.mp4,NonViolence,.mp4,True,640,360,25.0,108,4.32
NV_182.mp4,NonViolence,.mp4,True,224,224,25.0,125,5.0
NV_183.mp4,NonViolence,.mp4,True,224,224,25.0,125,5.0
NV_184.mp4,NonViolence,.mp4,True,224,224,30.0,150,5.0
NV_185.mp4,NonViolence,.mp4,True,224,224,25.0,125,5.0
NV_186.mp4,NonViolence,.mp4,True,224,224,25.0,125,5.0
NV_187.mp4,NonViolence,.mp4,True,224,224,25.0,125,5.0
NV_188.mp4,NonViolence,.mp4,True,224,224,25.0,125,5.0
NV_189.mp4,NonViolence,.mp4,True,224,224,25.0,50,2.0
NV_19.mp4,NonViolence,.mp4,True,1280,720,30.0,144,4.8
NV_190.mp4,NonViolence,.mp4,True,224,224,25.0,125,5.0
NV_191.mp4,NonViolence,.mp4,True,224,224,25.0,125,5.0
NV_192.mp4,NonViolence,.mp4,True,224,224,25.0,125,5.0
NV_193.mp4,NonViolence,.mp4,True,224,224,25.0,125,5.0
NV_194.mp4,NonViolence,.mp4,True,1080,1920,20.06,95,4.74
NV_195.mp4,NonViolence,.mp4,True,224,224,30.0,150,5.0
NV_196.mp4,NonViolence,.mp4,True,224,224,25.0,125,5.0
NV_197.mp4,NonViolence,.mp4,True,224,224,25.0,125,5.0
NV_198.mp4,NonViolence,.mp4,True,224,224,25.0,125,5.0
NV_199.mp4,NonViolence,.mp4,True,224,224,25.0,125,5.0
NV_2.mp4,NonViolence,.mp4,True,224,224,25.0,125,5.0
NV_20.mp4,NonViolence,.mp4,True,1280,720,30.0,150,5.0
NV_200.mp4,NonViolence,.mp4,True,224,224,25.0,125,5.0
NV_201.mp4,NonViolence,.mp4,True,224,224,25.0,125,5.0
NV_202.mp4,NonViolence,.mp4,True,640,360,25.0,113,4.52
NV_203.mp4,NonViolence,.mp4,True,224,224,25.0,125,5.0
NV_204.mp4,NonViolence,.mp4,True,224,224,25.0,125,5.0
NV_205.mp4,NonViolence,.mp4,True,640,360,25.0,115,4.6
NV_206.mp4,NonViolence,.mp4,True,224,224,25.0,125,5.0
NV_207.mp4,NonViolence,.mp4,True,640,360,25.0,150,6.0
NV_208.mp4,NonViolence,.mp4,True,224,224,25.0,125,5.0
NV_209.mp4,NonViolence,.mp4,True,224,224,25.0,125,5.0
NV_21.mp4,NonViolence,.mp4,True,1280,720,30.0,144,4.8
NV_210.mp4,NonViolence,.mp4,True,224,224,25.0,125,5.0
NV_211.mp4,NonViolence,.mp4,True,224,224,25.0,125,5.0
NV_212.mp4,NonViolence,.mp4,True,224,224,25.0,125,5.0
NV_213.mp4,NonViolence,.mp4,True,224,224,25.0,125,5.0
NV_214.mp4,NonViolence,.mp4,True,224,224,25.0,125,5.0
NV_215.mp4,NonViolence,.mp4,True,224,224,25.0,125,5.0
NV_216.mp4,NonViolence,.mp4,True,640,360,25.0,115,4.6
NV_217.mp4,NonViolence,.mp4,True,224,224,25.0,125,5.0
NV_218.mp4,NonViolence,.mp4,True,224,224,25.0,125,5.0
NV_219.mp4,NonViolence,.mp4,True,224,224,25.0,125,5.0
NV_22.mp4,NonViolence,.mp4,True,1280,720,30.0,120,4.0
NV_220.mp4,NonViolence,.mp4,True,224,224,25.0,125,5.0
NV_221.mp4,NonViolence,.mp4,True,224,224,25.0,125,5.0
NV_222.mp4,NonViolence,.mp4,True,224,224,25.0,125,5.0
NV_223.mp4,NonViolence,.mp4,True,224,224,25.0,125,5.0
NV_224.mp4,NonViolence,.mp4,True,224,224,25.0,125,5.0
NV_225.mp4,NonViolence,.mp4,True,224,224,25.0,125,5.0
NV_226.mp4,NonViolence,.mp4,True,854,480,29.97,161,5.37
NV_227.mp4,NonViolence,.mp4,True,224,224,25.0,125,5.0
NV_228.mp4,NonViolence,.mp4,True,224,224,25.0,125,5.0
NV_229.mp4,NonViolence,.mp4,True,224,224,25.0,125,5.0
NV_23.mp4,NonViolence,.mp4,True,1280,720,30.0,132,4.4
NV_230.mp4,NonViolence,.mp4,True,224,224,25.0,125,5.0
NV_231.mp4,NonViolence,.mp4,True,224,224,25.0,125,5.0
NV_232.mp4,NonViolence,.mp4,True,224,224,25.0,125,5.0
NV_233.mp4,NonViolence,.mp4,True,224,224,25.0,125,5.0
NV_234.mp4,NonViolence,.mp4,True,224,224,25.0,125,5.0
NV_235.mp4,NonViolence,.mp4,True,224,224,25.0,125,5.0
NV_236.mp4,NonViolence,.mp4,True,224,224,25.0,125,5.0
NV_237.mp4,NonViolence,.mp4,True,854,480,29.97,128,4.27
NV_238.mp4,NonViolence,.mp4,True,224,224,25.0,125,5.0
NV_239.mp4,NonViolence,.mp4,True,224,224,25.0,125,5.0
NV_24.mp4,NonViolence,.mp4,True,1280,720,30.0,111,3.7
NV_240.mp4,NonViolence,.mp4,True,224,224,25.0,125,5.0
NV_241.mp4,NonViolence,.mp4,True,224,224,25.0,125,5.0
NV_242.mp4,NonViolence,.mp4,True,224,224,25.0,125,5.0
NV_243.mp4,NonViolence,.mp4,True,224,224,25.0,125,5.0
NV_244.mp4,NonViolence,.mp4,True,224,224,25.0,125,5.0
NV_245.mp4,NonViolence,.mp4,True,224,224,25.0,125,5.0
NV_246.mp4,NonViolence,.mp4,True,224,224,25.0,125,5.0
NV_247.mp4,NonViolence,.mp4,True,854,480,29.97,135,4.5
NV_248.mp4,NonViolence,.mp4,True,224,224,25.0,125,5.0
NV_249.mp4,NonViolence,.mp4,True,224,224,25.0,125,5.0
NV_25.mp4,NonViolence,.mp4,True,1280,720,30.0,129,4.3
NV_250.mp4,NonViolence,.mp4,True,640,360,25.0,125,5.0
NV_251.mp4,NonViolence,.mp4,True,224,224,25.0,125,5.0
NV_252.mp4,NonViolence,.mp4,True,224,224,25.0,125,5.0
NV_253.mp4,NonViolence,.mp4,True,224,224,25.0,125,5.0
NV_254.mp4,NonViolence,.mp4,True,224,224,25.0,125,5.0
NV_255.mp4,NonViolence,.mp4,True,224,224,25.0,125,5.0
NV_256.mp4,NonViolence,.mp4,True,224,224,25.0,125,5.0
NV_257.mp4,NonViolence,.mp4,True,854,480,29.97,161,5.37
NV_258.mp4,NonViolence,.mp4,True,224,224,25.0,125,5.0
NV_259.mp4,NonViolence,.mp4,True,224,224,25.0,125,5.0
NV_26.mp4,NonViolence,.mp4,True,1280,720,30.0,129,4.3
NV_260.mp4,NonViolence,.mp4,True,224,224,25.0,125,5.0
NV_261.mp4,NonViolence,.mp4,True,224,224,25.0,125,5.0
NV_262.mp4,NonViolence,.mp4,True,224,224,25.0,125,5.0
NV_263.mp4,NonViolence,.mp4,True,224,224,25.0,125,5.0
NV_264.mp4,NonViolence,.mp4,True,224,224,25.0,125,5.0
NV_265.mp4,NonViolence,.mp4,True,224,224,25.0,125,5.0
NV_266.mp4,NonViolence,.mp4,True,224,224,25.0,125,5.0
NV_267.mp4,NonViolence,.mp4,True,224,224,25.0,125,5.0
NV_268.mp4,NonViolence,.mp4,True,1280,720,25.0,93,3.72
NV_269.mp4,NonViolence,.mp4,True,1280,720,25.0,108,4.32
NV_27.mp4,NonViolence,.mp4,True,1280,720,30.0,150,5.0
NV_270.mp4,NonViolence,.mp4,True,1280,720,25.0,105,4.2
NV_271.mp4,NonViolence,.mp4,True,1280,720,25.0,105,4.2
NV_272.mp4,NonViolence,.mp4,True,1280,720,25.0,95,3.8
NV_273.mp4,NonViolence,.mp4,True,1280,720,25.0,138,5.52
NV_274.mp4,NonViolence,.mp4,True,1280,720,25.0,108,4.32
NV_275.mp4,NonViolence,.mp4,True,1280,720,25.0,108,4.32
NV_276.mp4,NonViolence,.mp4,True,1280,720,25.0,125,5.0
NV_277.mp4,NonViolence,.mp4,True,1280,720,25.0,90,3.6
NV_278.mp4,NonViolence,.mp4,True,1280,720,25.0,105,4.2
NV_279.mp4,NonViolence,.mp4,True,1280,720,25.0,105,4.2
NV_28.mp4,NonViolence,.mp4,True,1280,720,30.0,120,4.0
NV_280.mp4,NonViolence,.mp4,True,224,224,30.0,150,5.0
NV_281.mp4,NonViolence,.mp4,True,1280,720,25.0,125,5.0
NV_282.mp4,NonViolence,.mp4,True,1280,720,25.0,100,4.0
NV_283.mp4,NonViolence,.mp4,True,1280,720,25.0,93,3.72
NV_284.mp4,NonViolence,.mp4,True,1280,720,25.0,105,4.2
NV_285.mp4,NonViolence,.mp4,True,1280,720,25.0,110,4.4
NV_286.mp4,NonViolence,.mp4,True,1280,720,25.0,163,6.52
NV_287.mp4,NonViolence,.mp4,True,1280,720,25.0,110,4.4
NV_288.mp4,NonViolence,.mp4,True,1280,720,25.0,133,5.32
NV_289.mp4,NonViolence,.mp4,True,1280,720,25.0,108,4.32
NV_29.mp4,NonViolence,.mp4,True,1280,720,30.0,123,4.1
NV_290.mp4,NonViolence,.mp4,True,1280,720,25.0,108,4.32
NV_291.mp4,NonViolence,.mp4,True,1280,720,25.0,118,4.72
NV_292.mp4,NonViolence,.mp4,True,1280,720,25.0,108,4.32
NV_293.mp4,NonViolence,.mp4,True,1280,720,25.0,140,5.6
NV_294.mp4,NonViolence,.mp4,True,1280,720,25.0,130,5.2
NV_295.mp4,NonViolence,.mp4,True,1280,720,29.97,132,4.4
NV_296.mp4,NonViolence,.mp4,True,1280,720,29.97,123,4.1
NV_297.mp4,NonViolence,.mp4,True,1280,720,29.97,114,3.8
NV_298.mp4,NonViolence,.mp4,True,1280,720,29.97,114,3.8
NV_299.mp4,NonViolence,.mp4,True,1280,720,29.97,135,4.5
NV_3.mp4,NonViolence,.mp4,True,1280,720,25.0,128,5.12
NV_30.mp4,NonViolence,.mp4,True,1280,720,30.0,132,4.4
NV_300.mp4,NonViolence,.mp4,True,640,360,30.0,159,5.3
NV_301.mp4,NonViolence,.mp4,True,640,360,30.0,174,5.8
NV_302.mp4,NonViolence,.mp4,True,1280,720,25.0,105,4.2
NV_303.mp4,NonViolence,.mp4,True,640,360,30.0,150,5.0
NV_304.mp4,NonViolence,.mp4,True,640,360,30.0,129,4.3
NV_305.mp4,NonViolence,.mp4,True,640,360,30.0,168,5.6
NV_306.mp4,NonViolence,.mp4,True,1280,720,29.97,144,4.8
NV_307.mp4,NonViolence,.mp4,True,1280,720,29.97,135,4.5
NV_308.mp4,NonViolence,.mp4,True,1280,720,29.97,141,4.7
NV_309.mp4,NonViolence,.mp4,True,1280,720,29.97,114,3.8
NV_31.mp4,NonViolence,.mp4,True,1280,720,30.0,123,4.1
NV_310.mp4,NonViolence,.mp4,True,640,360,29.97,117,3.9
NV_311.mp4,NonViolence,.mp4,True,640,360,29.97,150,5.0
NV_312.mp4,NonViolence,.mp4,True,1280,720,25.0,108,4.32
NV_313.mp4,NonViolence,.mp4,True,640,360,29.97,129,4.3
NV_314.mp4,NonViolence,.mp4,True,640,360,29.97,129,4.3
NV_315.mp4,NonViolence,.mp4,True,640,360,29.97,129,4.3
NV_316.mp4,NonViolence,.mp4,True,1280,720,25.0,115,4.6
NV_317.mp4,NonViolence,.mp4,True,1280,720,25.0,110,4.4
NV_318.mp4,NonViolence,.mp4,True,1280,720,25.0,103,4.12
NV_319.mp4,NonViolence,.mp4,True,1280,720,25.0,138,5.52
NV_32.mp4,NonViolence,.mp4,True,1280,720,30.0,126,4.2
NV_320.mp4,NonViolence,.mp4,True,1280,720,25.0,125,5.0
NV_321.mp4,NonViolence,.mp4,True,1280,720,25.0,93,3.72
NV_322.mp4,NonViolence,.mp4,True,1280,720,23.98,125,5.21
NV_323.mp4,NonViolence,.mp4,True,1280,720,23.98,125,5.21
NV_324.mp4,NonViolence,.mp4,True,1280,720,23.98,123,5.13
NV_325.mp4,NonViolence,.mp4,True,1280,720,23.98,120,5.0
NV_326.mp4,NonViolence,.mp4,True,1280,720,23.98,118,4.92
NV_327.mp4,NonViolence,.mp4,True,224,224,30.0,150,5.0
NV_328.mp4,NonViolence,.mp4,True,224,224,30.0,150,5.0
NV_329.mp4,NonViolence,.mp4,True,224,224,25.0,125,5.0
NV_33.mp4,NonViolence,.mp4,True,640,360,25.0,133,5.32
NV_330.mp4,NonViolence,.mp4,True,224,224,30.0,150,5.0
NV_331.mp4,NonViolence,.mp4,True,224,224,30.0,150,5.0
NV_332.mp4,NonViolence,.mp4,True,224,224,30.0,150,5.0
NV_333.mp4,NonViolence,.mp4,True,224,224,30.0,150,5.0
NV_334.mp4,NonViolence,.mp4,True,1280,720,25.0,85,3.4
NV_335.mp4,NonViolence,.mp4,True,1280,720,25.0,110,4.4
NV_336.mp4,NonViolence,.mp4,True,1280,720,29.97,108,3.6
NV_337.mp4,NonViolence,.mp4,True,640,360,25.0,110,4.4
NV_338.mp4,NonViolence,.mp4,True,640,360,29.97,180,6.01
NV_339.mp4,NonViolence,.mp4,True,640,360,25.0,120,4.8
NV_34.mp4,NonViolence,.mp4,True,640,360,25.0,133,5.32
NV_340.mp4,NonViolence,.mp4,True,640,360,29.97,123,4.1
NV_341.mp4,NonViolence,.mp4,True,640,360,29.97,132,4.4
NV_342.mp4,NonViolence,.mp4,True,640,360,29.97,135,4.5
NV_343.mp4,NonViolence,.mp4,True,640,360,29.97,111,3.7
NV_344.mp4,NonViolence,.mp4,True,640,360,29.97,141,4.7
NV_345.mp4,NonViolence,.mp4,True,640,360,29.97,135,4.5
NV_346.mp4,NonViolence,.mp4,True,640,360,29.97,153,5.11
NV_347.mp4,NonViolence,.mp4,True,640,360,29.97,132,4.4
NV_348.mp4,NonViolence,.mp4,True,640,360,29.97,123,4.1
NV_349.mp4,NonViolence,.mp4,True,640,360,29.97,147,4.9
NV_35.mp4,NonViolence,.mp4,True,640,360,30.0,123,4.1
NV_350.mp4,NonViolence,.mp4,True,640,360,29.97,159,5.31
NV_351.mp4,NonViolence,.mp4,True,640,360,29.97,204,6.81
NV_352.mp4,NonViolence,.mp4,True,640,360,29.97,114,3.8
NV_353.mp4,NonViolence,.mp4,True,1080,1920,30.03,119,3.96
NV_354.mp4,NonViolence,.mp4,True,1920,1080,12.36,36,2.91
NV_355.mp4,NonViolence,.mp4,True,1080,1920,19.35,73,3.77
NV_356.mp4,NonViolence,.mp4,True,1920,1080,24.86,104,4.18
NV_357.mp4,NonViolence,.mp4,True,1920,1080,25.36,70,2.76
NV_358.mp4,NonViolence,.mp4,True,1080,1920,19.42,78,4.02
NV_359.mp4,NonViolence,.mp4,True,1080,1920,24.91,86,3.45
NV_36.mp4,NonViolence,.mp4,True,640,360,30.0,135,4.5
NV_360.mp4,NonViolence,.mp4,True,1080,1920,18.28,133,7.27
NV_361.mp4,NonViolence,.mp4,True,1080,1920,20.72,124,5.99
NV_362.mp4,NonViolence,.mp4,True,1920,1080,16.1,77,4.78
NV_363.mp4,NonViolence,.mp4,True,1920,1080,12.49,128,10.25
NV_364.mp4,NonViolence,.mp4,True,224,224,11.0,55,5.0
NV_365.mp4,NonViolence,.mp4,True,224,224,11.0,55,5.0
NV_366.mp4,NonViolence,.mp4,True,224,224,11.0,55,5.0
NV_367.mp4,NonViolence,.mp4,True,224,224,11.0,55,5.0
NV_368.mp4,NonViolence,.mp4,True,224,224,11.0,55,5.0
NV_369.mp4,NonViolence,.mp4,True,224,224,11.0,55,5.0
NV_37.mp4,NonViolence,.mp4,True,640,360,25.0,120,4.8
NV_370.mp4,NonViolence,.mp4,True,224,224,11.0,55,5.0
NV_371.mp4,NonViolence,.mp4,True,224,224,11.0,55,5.0
NV_372.mp4,NonViolence,.mp4,True,224,224,11.0,55,5.0
NV_373.mp4,NonViolence,.mp4,True,224,224,11.0,55,5.0
NV_374.mp4,NonViolence,.mp4,True,224,224,11.0,55,5.0
NV_375.mp4,NonViolence,.mp4,True,224,224,11.0,55,5.0
NV_376.mp4,NonViolence,.mp4,True,224,224,11.0,55,5.0
NV_377.mp4,NonViolence,.mp4,True,224,224,11.0,55,5.0
NV_378.mp4,NonViolence,.mp4,True,224,224,11.0,55,5.0
NV_379.mp4,NonViolence,.mp4,True,224,224,11.0,55,5.0
NV_38.mp4,NonViolence,.mp4,True,640,360,30.0,132,4.4
NV_380.mp4,NonViolence,.mp4,True,224,224,11.0,55,5.0
NV_381.mp4,NonViolence,.mp4,True,224,224,11.0,55,5.0
NV_382.mp4,NonViolence,.mp4,True,224,224,11.0,55,5.0
NV_383.mp4,NonViolence,.mp4,True,224,224,11.0,55,5.0
NV_384.mp4,NonViolence,.mp4,True,224,224,11.0,55,5.0
NV_385.mp4,NonViolence,.mp4,True,224,224,11.0,55,5.0
NV_386.mp4,NonViolence,.mp4,True,224,224,11.0,55,5.0
NV_387.mp4,NonViolence,.mp4,True,224,224,11.0,55,5.0
NV_388.mp4,NonViolence,.mp4,True,224,224,11.0,55,5.0
NV_389.mp4,NonViolence,.mp4,True,224,224,11.0,55,5.0
NV_39.mp4,NonViolence,.mp4,True,640,360,25.0,115,4.6
NV_390.mp4,NonViolence,.mp4,True,224,224,11.0,55,5.0
NV_391.mp4,NonViolence,.mp4,True,224,224,11.0,55,5.0
NV_392.mp4,NonViolence,.mp4,True,224,224,11.0,55,5.0
NV_393.mp4,NonViolence,.mp4,True,224,224,11.0,55,5.0
NV_394.mp4,NonViolence,.mp4,True,224,224,11.0,55,5.0
NV_395.mp4,NonViolence,.mp4,True,224,224,11.0,55,5.0
NV_396.mp4,NonViolence,.mp4,True,224,224,11.0,55,5.0
NV_397.mp4,NonViolence,.mp4,True,224,224,11.0,55,5.0
NV_398.mp4,NonViolence,.mp4,True,224,224,11.0,55,5.0
NV_399.mp4,NonViolence,.mp4,True,224,224,11.0,55,5.0
NV_4.mp4,NonViolence,.mp4,True,1280,720,25.0,123,4.92
NV_40.mp4,NonViolence,.mp4,True,640,360,25.0,133,5.32
NV_400.mp4,NonViolence,.mp4,True,224,224,11.0,55,5.0
NV_401.mp4,NonViolence,.mp4,True,224,224,11.0,55,5.0
NV_402.mp4,NonViolence,.mp4,True,224,224,11.0,55,5.0
NV_403.mp4,NonViolence,.mp4,True,224,224,11.0,55,5.0
NV_404.mp4,NonViolence,.mp4,True,224,224,11.0,55,5.0
NV_405.mp4,NonViolence,.mp4,True,224,224,11.0,55,5.0
NV_406.mp4,NonViolence,.mp4,True,224,224,11.0,55,5.0
NV_407.mp4,NonViolence,.mp4,True,224,224,11.0,55,5.0
NV_408.mp4,NonViolence,.mp4,True,224,224,11.0,55,5.0
NV_409.mp4,NonViolence,.mp4,True,224,224,11.0,55,5.0
NV_41.mp4,NonViolence,.mp4,True,640,360,25.0,123,4.92
NV_410.mp4,NonViolence,.mp4,True,224,224,11.0,55,5.0
NV_411.mp4,NonViolence,.mp4,True,224,224,11.0,55,5.0
NV_412.mp4,NonViolence,.mp4,True,224,224,11.0,55,5.0
NV_413.mp4,NonViolence,.mp4,True,224,224,11.0,55,5.0
NV_414.mp4,NonViolence,.mp4,True,224,224,11.0,55,5.0
NV_415.mp4,NonViolence,.mp4,True,224,224,11.0,55,5.0
NV_416.mp4,NonViolence,.mp4,True,224,224,11.0,55,5.0
NV_417.mp4,NonViolence,.mp4,True,224,224,11.0,55,5.0
NV_418.mp4,NonViolence,.mp4,True,224,224,11.0,55,5.0
NV_419.mp4,NonViolence,.mp4,True,224,224,11.0,55,5.0
NV_42.mp4,NonViolence,.mp4,True,640,360,30.0,105,3.5
NV_420.mp4,NonViolence,.mp4,True,224,224,11.0,55,5.0
NV_421.mp4,NonViolence,.mp4,True,224,224,11.0,55,5.0
NV_422.mp4,NonViolence,.mp4,True,224,224,11.0,55,5.0
NV_423.mp4,NonViolence,.mp4,True,224,224,11.0,55,5.0
NV_424.mp4,NonViolence,.mp4,True,224,224,11.0,55,5.0
NV_425.mp4,NonViolence,.mp4,True,224,224,11.0,55,5.0
NV_426.mp4,NonViolence,.mp4,True,224,224,11.0,55,5.0
NV_427.mp4,NonViolence,.mp4,True,224,224,11.0,55,5.0
NV_428.mp4,NonViolence,.mp4,True,224,224,11.0,55,5.0
NV_429.mp4,NonViolence,.mp4,True,224,224,11.0,55,5.0
NV_43.mp4,NonViolence,.mp4,True,640,360,25.0,118,4.72
NV_430.mp4,NonViolence,.mp4,True,224,224,11.0,55,5.0
NV_431.mp4,NonViolence,.mp4,True,224,224,11.0,55,5.0
NV_432.mp4,NonViolence,.mp4,True,224,224,11.0,55,5.0
NV_433.mp4,NonViolence,.mp4,True,224,224,11.0,55,5.0
NV_434.mp4,NonViolence,.mp4,True,224,224,11.0,55,5.0
NV_435.mp4,NonViolence,.mp4,True,224,224,11.0,55,5.0
NV_436.mp4,NonViolence,.mp4,True,224,224,11.0,55,5.0
NV_437.mp4,NonViolence,.mp4,True,224,224,11.0,55,5.0
NV_438.mp4,NonViolence,.mp4,True,224,224,11.0,55,5.0
NV_439.mp4,NonViolence,.mp4,True,224,224,11.0,55,5.0
NV_44.mp4,NonViolence,.mp4,True,640,360,25.0,133,5.32
NV_440.mp4,NonViolence,.mp4,True,224,224,11.0,55,5.0
NV_441.mp4,NonViolence,.mp4,True,224,224,11.0,55,5.0
NV_442.mp4,NonViolence,.mp4,True,224,224,11.0,55,5.0
NV_443.mp4,NonViolence,.mp4,True,224,224,11.0,55,5.0
NV_444.mp4,NonViolence,.mp4,True,224,224,11.0,55,5.0
NV_445.mp4,NonViolence,.mp4,True,224,224,11.0,55,5.0
NV_446.mp4,NonViolence,.mp4,True,224,224,11.0,55,5.0
NV_447.mp4,NonViolence,.mp4,True,224,224,11.0,55,5.0
NV_448.mp4,NonViolence,.mp4,True,224,224,11.0,55,5.0
NV_449.mp4,NonViolence,.mp4,True,224,224,11.0,55,5.0
NV_45.mp4,NonViolence,.mp4,True,640,360,29.97,129,4.3
NV_450.mp4,NonViolence,.mp4,True,224,224,11.0,55,5.0
NV_451.mp4,NonViolence,.mp4,True,224,224,11.0,55,5.0
NV_452.mp4,NonViolence,.mp4,True,224,224,11.0,55,5.0
NV_453.mp4,NonViolence,.mp4,True,224,224,11.0,55,5.0
NV_454.mp4,NonViolence,.mp4,True,224,224,23.0,115,5.0
NV_455.mp4,NonViolence,.mp4,True,224,224,23.0,115,5.0
NV_456.mp4,NonViolence,.mp4,True,224,224,29.0,145,5.0
NV_457.mp4,NonViolence,.mp4,True,224,224,29.0,145,5.0
NV_458.mp4,NonViolence,.mp4,True,224,224,29.0,145,5.0
NV_459.mp4,NonViolence,.mp4,True,224,224,29.0,145,5.0
NV_46.mp4,NonViolence,.mp4,True,224,224,30.0,150,5.0
NV_460.mp4,NonViolence,.mp4,True,224,224,29.0,145,5.0
NV_461.mp4,NonViolence,.mp4,True,224,224,23.0,115,5.0
NV_462.mp4,NonViolence,.mp4,True,224,224,23.0,115,5.0
NV_463.mp4,NonViolence,.mp4,True,224,224,23.0,115,5.0
NV_464.mp4,NonViolence,.mp4,True,224,224,23.0,115,5.0
NV_465.mp4,NonViolence,.mp4,True,224,224,23.0,115,5.0
NV_466.mp4,NonViolence,.mp4,True,224,224,23.0,115,5.0
NV_467.mp4,NonViolence,.mp4,True,224,224,23.0,115,5.0
NV_468.mp4,NonViolence,.mp4,True,224,224,23.0,115,5.0
NV_469.mp4,NonViolence,.mp4,True,224,224,23.0,115,5.0
NV_47.mp4,NonViolence,.mp4,True,224,224,30.0,150,5.0
NV_470.mp4,NonViolence,.mp4,True,224,224,23.0,115,5.0
NV_471.mp4,NonViolence,.mp4,True,224,224,23.0,115,5.0
NV_472.mp4,NonViolence,.mp4,True,224,224,23.0,115,5.0
NV_473.mp4,NonViolence,.mp4,True,224,224,23.0,115,5.0
NV_474.mp4,NonViolence,.mp4,True,224,224,23.0,115,5.0
NV_475.mp4,NonViolence,.mp4,True,224,224,23.0,115,5.0
NV_476.mp4,NonViolence,.mp4,True,224,224,23.0,115,5.0
NV_477.mp4,NonViolence,.mp4,True,224,224,23.0,115,5.0
NV_478.mp4,NonViolence,.mp4,True,224,224,23.0,115,5.0
NV_479.mp4,NonViolence,.mp4,True,224,224,23.0,115,5.0
NV_48.mp4,NonViolence,.mp4,True,224,224,30.0,150,5.0
NV_480.mp4,NonViolence,.mp4,True,224,224,23.0,115,5.0
NV_481.mp4,NonViolence,.mp4,True,224,224,23.0,115,5.0
NV_482.mp4,NonViolence,.mp4,True,224,224,23.0,115,5.0
NV_483.mp4,NonViolence,.mp4,True,224,224,23.0,115,5.0
NV_484.mp4,NonViolence,.mp4,True,224,224,23.0,115,5.0
NV_485.mp4,NonViolence,.mp4,True,224,224,23.0,115,5.0
NV_486.mp4,NonViolence,.mp4,True,224,224,23.0,115,5.0
NV_487.mp4,NonViolence,.mp4,True,224,224,23.0,115,5.0
NV_488.mp4,NonViolence,.mp4,True,224,224,23.0,115,5.0
NV_489.mp4,NonViolence,.mp4,True,224,224,23.0,115,5.0
NV_49.mp4,NonViolence,.mp4,True,224,224,30.0,150,5.0
NV_490.mp4,NonViolence,.mp4,True,224,224,23.0,115,5.0
NV_491.mp4,NonViolence,.mp4,True,224,224,23.0,115,5.0
NV_492.mp4,NonViolence,.mp4,True,224,224,23.0,115,5.0
NV_493.mp4,NonViolence,.mp4,True,224,224,23.0,115,5.0
NV_494.mp4,NonViolence,.mp4,True,224,224,23.0,115,5.0
NV_495.mp4,NonViolence,.mp4,True,224,224,23.0,115,5.0
NV_496.mp4,NonViolence,.mp4,True,224,224,23.0,115,5.0
NV_497.mp4,NonViolence,.mp4,True,224,224,23.0,115,5.0
NV_498.mp4,NonViolence,.mp4,True,224,224,23.0,115,5.0
NV_499.mp4,NonViolence,.mp4,True,224,224,23.0,115,5.0
NV_5.mp4,NonViolence,.mp4,True,1280,720,25.0,123,4.92
NV_50.mp4,NonViolence,.mp4,True,224,224,30.0,150,5.0
NV_500.mp4,NonViolence,.mp4,True,224,224,23.0,115,5.0
NV_501.mp4,NonViolence,.mp4,True,224,224,29.0,145,5.0
NV_502.mp4,NonViolence,.mp4,True,224,224,29.0,145,5.0
NV_503.mp4,NonViolence,.mp4,True,224,224,29.0,145,5.0
NV_504.mp4,NonViolence,.mp4,True,224,224,29.0,145,5.0
NV_505.mp4,NonViolence,.mp4,True,224,224,23.0,115,5.0
NV_506.mp4,NonViolence,.mp4,True,224,224,29.0,145,5.0
NV_507.mp4,NonViolence,.mp4,True,224,224,29.0,145,5.0
NV_508.mp4,NonViolence,.mp4,True,224,224,29.0,145,5.0
NV_509.mp4,NonViolence,.mp4,True,224,224,29.0,145,5.0
NV_51.mp4,NonViolence,.mp4,True,224,224,25.0,125,5.0
NV_510.mp4,NonViolence,.mp4,True,224,224,29.0,145,5.0
NV_511.mp4,NonViolence,.mp4,True,224,224,29.0,145,5.0
NV_512.mp4,NonViolence,.mp4,True,224,224,29.0,145,5.0
NV_513.mp4,NonViolence,.mp4,True,224,224,29.0,145,5.0
NV_514.mp4,NonViolence,.mp4,True,224,224,29.0,145,5.0
NV_515.mp4,NonViolence,.mp4,True,224,224,29.0,145,5.0
NV_516.mp4,NonViolence,.mp4,True,224,224,29.0,145,5.0
NV_517.mp4,NonViolence,.mp4,True,224,224,29.0,145,5.0
NV_518.mp4,NonViolence,.mp4,True,224,224,29.0,145,5.0
NV_519.mp4,NonViolence,.mp4,True,224,224,23.0,115,5.0
NV_52.mp4,NonViolence,.mp4,True,224,224,30.0,150,5.0
NV_520.mp4,NonViolence,.mp4,True,224,224,29.0,145,5.0
NV_521.mp4,NonViolence,.mp4,True,224,224,29.0,145,5.0
NV_522.mp4,NonViolence,.mp4,True,224,224,29.0,145,5.0
NV_523.mp4,NonViolence,.mp4,True,224,224,29.0,145,5.0
NV_524.mp4,NonViolence,.mp4,True,224,224,29.0,145,5.0
NV_525.mp4,NonViolence,.mp4,True,224,224,29.0,145,5.0
NV_526.mp4,NonViolence,.mp4,True,224,224,29.0,145,5.0
NV_527.mp4,NonViolence,.mp4,True,224,224,29.0,145,5.0
NV_528.mp4,NonViolence,.mp4,True,224,224,29.0,145,5.0
NV_529.mp4,NonViolence,.mp4,True,224,224,29.0,145,5.0
NV_53.mp4,NonViolence,.mp4,True,224,224,30.0,150,5.0
NV_530.mp4,NonViolence,.mp4,True,224,224,23.0,115,5.0
NV_531.mp4,NonViolence,.mp4,True,224,224,29.0,145,5.0
NV_532.mp4,NonViolence,.mp4,True,224,224,29.0,145,5.0
NV_533.mp4,NonViolence,.mp4,True,224,224,29.0,145,5.0
NV_534.mp4,NonViolence,.mp4,True,224,224,29.0,145,5.0
NV_535.mp4,NonViolence,.mp4,True,224,224,29.0,145,5.0
NV_536.mp4,NonViolence,.mp4,True,224,224,29.0,145,5.0
NV_537.mp4,NonViolence,.mp4,True,224,224,29.0,145,5.0
NV_538.mp4,NonViolence,.mp4,True,224,224,23.0,115,5.0
NV_539.mp4,NonViolence,.mp4,True,224,224,23.0,115,5.0
NV_54.mp4,NonViolence,.mp4,True,224,224,30.0,150,5.0
NV_540.mp4,NonViolence,.mp4,True,224,224,29.0,145,5.0
NV_541.mp4,NonViolence,.mp4,True,224,224,29.0,145,5.0
NV_542.mp4,NonViolence,.mp4,True,224,224,25.0,125,5.0
NV_543.mp4,NonViolence,.mp4,True,224,224,25.0,125,5.0
NV_544.mp4,NonViolence,.mp4,True,224,224,25.0,125,5.0
NV_545.mp4,NonViolence,.mp4,True,224,224,25.0,125,5.0
NV_546.mp4,NonViolence,.mp4,True,224,224,25.0,125,5.0
NV_547.mp4,NonViolence,.mp4,True,224,224,25.0,125,5.0
NV_548.mp4,NonViolence,.mp4,True,224,224,25.0,125,5.0
NV_549.mp4,NonViolence,.mp4,True,224,224,25.0,125,5.0
NV_55.mp4,NonViolence,.mp4,True,224,224,30.0,150,5.0
NV_550.mp4,NonViolence,.mp4,True,224,224,25.0,125,5.0
NV_551.mp4,NonViolence,.mp4,True,224,224,25.0,125,5.0
NV_552.mp4,NonViolence,.mp4,True,224,224,25.0,125,5.0
NV_553.mp4,NonViolence,.mp4,True,224,224,25.0,125,5.0
NV_554.mp4,NonViolence,.mp4,True,224,224,25.0,125,5.0
NV_555.mp4,NonViolence,.mp4,True,224,224,25.0,125,5.0
NV_556.mp4,NonViolence,.mp4,True,224,224,25.0,125,5.0
NV_557.mp4,NonViolence,.mp4,True,224,224,25.0,125,5.0
NV_558.mp4,NonViolence,.mp4,True,224,224,25.0,125,5.0
NV_559.mp4,NonViolence,.mp4,True,224,224,25.0,125,5.0
NV_56.mp4,NonViolence,.mp4,True,224,224,30.0,150,5.0
NV_560.mp4,NonViolence,.mp4,True,224,224,25.0,125,5.0
NV_561.mp4,NonViolence,.mp4,True,224,224,25.0,125,5.0
NV_562.mp4,NonViolence,.mp4,True,224,224,25.0,125,5.0
NV_563.mp4,NonViolence,.mp4,True,224,224,25.0,125,5.0
NV_564.mp4,NonViolence,.mp4,True,224,224,25.0,125,5.0
NV_565.mp4,NonViolence,.mp4,True,224,224,25.0,125,5.0
NV_566.mp4,NonViolence,.mp4,True,224,224,25.0,125,5.0
NV_567.mp4,NonViolence,.mp4,True,224,224,25.0,125,5.0
NV_568.mp4,NonViolence,.mp4,True,224,224,25.0,125,5.0
NV_569.mp4,NonViolence,.mp4,True,224,224,25.0,125,5.0
NV_57.mp4,NonViolence,.mp4,True,224,224,30.0,150,5.0
NV_570.mp4,NonViolence,.mp4,True,224,224,25.0,125,5.0
NV_571.mp4,NonViolence,.mp4,True,224,224,25.0,125,5.0
NV_572.mp4,NonViolence,.mp4,True,224,224,25.0,125,5.0
NV_573.mp4,NonViolence,.mp4,True,224,224,25.0,125,5.0
NV_574.mp4,NonViolence,.mp4,True,224,224,25.0,125,5.0
NV_575.mp4,NonViolence,.mp4,True,224,224,25.0,125,5.0
NV_576.mp4,NonViolence,.mp4,True,224,224,25.0,125,5.0
NV_577.mp4,NonViolence,.mp4,True,224,224,23.0,115,5.0
NV_578.mp4,NonViolence,.mp4,True,224,224,23.0,115,5.0
NV_579.mp4,NonViolence,.mp4,True,224,224,23.0,115,5.0
NV_58.mp4,NonViolence,.mp4,True,224,224,30.0,150,5.0
NV_580.mp4,NonViolence,.mp4,True,224,224,23.0,115,5.0
NV_581.mp4,NonViolence,.mp4,True,224,224,23.0,115,5.0
NV_582.mp4,NonViolence,.mp4,True,224,224,23.0,115,5.0
NV_583.mp4,NonViolence,.mp4,True,224,224,23.0,115,5.0
NV_584.mp4,NonViolence,.mp4,True,224,224,23.0,115,5.0
NV_585.mp4,NonViolence,.mp4,True,224,224,23.0,115,5.0
NV_586.mp4,NonViolence,.mp4,True,224,224,23.0,115,5.0
NV_587.mp4,NonViolence,.mp4,True,224,224,23.0,115,5.0
NV_588.mp4,NonViolence,.mp4,True,224,224,23.0,115,5.0
NV_589.mp4,NonViolence,.mp4,True,224,224,23.0,115,5.0
NV_59.mp4,NonViolence,.mp4,True,224,224,30.0,150,5.0
NV_590.mp4,NonViolence,.mp4,True,224,224,30.0,150,5.0
NV_591.mp4,NonViolence,.mp4,True,224,224,30.0,150,5.0
NV_592.mp4,NonViolence,.mp4,True,224,224,30.0,150,5.0
NV_593.mp4,NonViolence,.mp4,True,224,224,21.0,105,5.0
NV_594.mp4,NonViolence,.mp4,True,224,224,21.0,105,5.0
NV_595.mp4,NonViolence,.mp4,True,224,224,21.0,105,5.0
NV_596.mp4,NonViolence,.mp4,True,224,224,21.0,105,5.0
NV_597.mp4,NonViolence,.mp4,True,224,224,21.0,105,5.0
NV_598.mp4,NonViolence,.mp4,True,224,224,21.0,105,5.0
NV_599.mp4,NonViolence,.mp4,True,224,224,21.0,105,5.0
NV_6.mp4,NonViolence,.mp4,True,1280,720,25.0,103,4.12
NV_60.mp4,NonViolence,.mp4,True,224,224,30.0,150,5.0
NV_600.mp4,NonViolence,.mp4,True,224,224,21.0,63,3.0
NV_601.mp4,NonViolence,.mp4,True,224,224,21.0,105,5.0
NV_602.avi,NonViolence,.avi,True,224,224,25.0,125,5.0
NV_603.mp4,NonViolence,.mp4,True,224,224,21.0,105,5.0
NV_604.mp4,NonViolence,.mp4,True,224,224,21.0,105,5.0
NV_605.mp4,NonViolence,.mp4,True,224,224,21.0,105,5.0
NV_606.mp4,NonViolence,.mp4,True,224,224,21.0,105,5.0
NV_607.mp4,NonViolence,.mp4,True,224,224,21.0,105,5.0
NV_608.mp4,NonViolence,.mp4,True,224,224,21.0,105,5.0
NV_609.mp4,NonViolence,.mp4,True,224,224,21.0,105,5.0
NV_61.mp4,NonViolence,.mp4,True,224,224,30.0,150,5.0
NV_610.mp4,NonViolence,.mp4,True,224,224,21.0,105,5.0
NV_611.mp4,NonViolence,.mp4,True,224,224,21.0,105,5.0
NV_612.mp4,NonViolence,.mp4,True,224,224,21.0,105,5.0
NV_613.mp4,NonViolence,.mp4,True,224,224,21.0,105,5.0
NV_614.mp4,NonViolence,.mp4,True,224,224,21.0,105,5.0
NV_615.mp4,NonViolence,.mp4,True,224,224,21.0,105,5.0
NV_616.mp4,NonViolence,.mp4,True,224,224,21.0,105,5.0
NV_617.mp4,NonViolence,.mp4,True,224,224,21.0,105,5.0
NV_618.mp4,NonViolence,.mp4,True,224,224,21.0,105,5.0
NV_619.mp4,NonViolence,.mp4,True,224,224,21.0,105,5.0
NV_62.mp4,NonViolence,.mp4,True,224,224,25.0,125,5.0
NV_620.mp4,NonViolence,.mp4,True,224,224,29.0,145,5.0
NV_621.mp4,NonViolence,.mp4,True,224,224,29.0,145,5.0
NV_622.mp4,NonViolence,.mp4,True,224,224,29.0,145,5.0
NV_623.mp4,NonViolence,.mp4,True,224,224,29.0,145,5.0
NV_624.mp4,NonViolence,.mp4,True,224,224,29.0,145,5.0
NV_625.mp4,NonViolence,.mp4,True,224,224,29.0,145,5.0
NV_626.mp4,NonViolence,.mp4,True,224,224,29.0,145,5.0
NV_627.mp4,NonViolence,.mp4,True,224,224,29.0,145,5.0
NV_628.mp4,NonViolence,.mp4,True,224,224,29.0,145,5.0
NV_629.mp4,NonViolence,.mp4,True,224,224,29.0,145,5.0
NV_63.mp4,NonViolence,.mp4,True,640,360,25.0,88,3.52
NV_630.mp4,NonViolence,.mp4,True,224,224,29.0,145,5.0
NV_631.mp4,NonViolence,.mp4,True,224,224,29.0,145,5.0
NV_632.mp4,NonViolence,.mp4,True,224,224,29.0,145,5.0
NV_633.mp4,NonViolence,.mp4,True,224,224,29.0,145,5.0
NV_634.mp4,NonViolence,.mp4,True,224,224,29.0,145,5.0
NV_635.mp4,NonViolence,.mp4,True,224,224,29.0,145,5.0
NV_636.mp4,NonViolence,.mp4,True,224,224,29.0,145,5.0
NV_637.mp4,NonViolence,.mp4,True,224,224,29.0,145,5.0
NV_638.mp4,NonViolence,.mp4,True,224,224,29.0,145,5.0
NV_639.mp4,NonViolence,.mp4,True,224,224,29.0,145,5.0
NV_64.mp4,NonViolence,.mp4,True,224,224,30.0,150,5.0
NV_640.mp4,NonViolence,.mp4,True,224,224,29.0,145,5.0
NV_641.mp4,NonViolence,.mp4,True,224,224,29.0,145,5.0
NV_642.mp4,NonViolence,.mp4,True,224,224,29.0,145,5.0
NV_643.mp4,NonViolence,.mp4,True,224,224,29.0,145,5.0
NV_644.mp4,NonViolence,.mp4,True,224,224,29.0,145,5.0
NV_645.mp4,NonViolence,.mp4,True,224,224,29.0,145,5.0
NV_646.mp4,NonViolence,.mp4,True,224,224,29.0,145,5.0
NV_647.mp4,NonViolence,.mp4,True,224,224,29.0,145,5.0
NV_648.mp4,NonViolence,.mp4,True,224,224,29.0,145,5.0
NV_649.mp4,NonViolence,.mp4,True,224,224,29.0,145,5.0
NV_65.mp4,NonViolence,.mp4,True,224,224,30.0,150,5.0
NV_650.mp4,NonViolence,.mp4,True,224,224,29.0,145,5.0
NV_651.mp4,NonViolence,.mp4,True,224,224,29.0,145,5.0
NV_652.mp4,NonViolence,.mp4,True,224,224,29.0,145,5.0
NV_653.mp4,NonViolence,.mp4,True,224,224,29.0,145,5.0
NV_654.mp4,NonViolence,.mp4,True,224,224,29.0,145,5.0
NV_655.mp4,NonViolence,.mp4,True,224,224,29.0,145,5.0
NV_656.mp4,NonViolence,.mp4,True,224,224,29.0,145,5.0
NV_657.mp4,NonViolence,.mp4,True,224,224,29.0,145,5.0
NV_658.mp4,NonViolence,.mp4,True,224,224,29.0,145,5.0
NV_659.mp4,NonViolence,.mp4,True,224,224,29.0,145,5.0
NV_66.mp4,NonViolence,.mp4,True,224,224,30.0,150,5.0
NV_660.mp4,NonViolence,.mp4,True,224,224,29.0,145,5.0
NV_661.mp4,NonViolence,.mp4,True,224,224,29.0,145,5.0
NV_662.mp4,NonViolence,.mp4,True,224,224,29.0,145,5.0
NV_663.mp4,NonViolence,.mp4,True,224,224,29.0,145,5.0
NV_664.mp4,NonViolence,.mp4,True,224,224,29.0,145,5.0
NV_665.mp4,NonViolence,.mp4,True,224,224,24.0,120,5.0
NV_666.mp4,NonViolence,.mp4,True,224,224,24.0,120,5.0
NV_667.mp4,NonViolence,.mp4,True,224,224,24.0,120,5.0
NV_668.mp4,NonViolence,.mp4,True,224,224,24.0,120,5.0
NV_669.mp4,NonViolence,.mp4,True,224,224,24.0,120,5.0
NV_67.mp4,NonViolence,.mp4,True,224,224,30.0,150,5.0
NV_670.mp4,NonViolence,.mp4,True,224,224,24.0,120,5.0
NV_671.mp4,NonViolence,.mp4,True,224,224,24.0,120,5.0
NV_672.mp4,NonViolence,.mp4,True,224,224,24.0,120,5.0
NV_673.mp4,NonViolence,.mp4,True,224,224,24.0,120,5.0
NV_674.mp4,NonViolence,.mp4,True,224,224,24.0,120,5.0
NV_675.mp4,NonViolence,.mp4,True,224,224,24.0,120,5.0
NV_676.mp4,NonViolence,.mp4,True,224,224,24.0,120,5.0
NV_677.mp4,NonViolence,.mp4,True,224,224,24.0,120,5.0
NV_678.mp4,NonViolence,.mp4,True,224,224,24.0,120,5.0
NV_679.mp4,NonViolence,.mp4,True,224,224,24.0,120,5.0
NV_68.mp4,NonViolence,.mp4,True,224,224,30.0,150,5.0
NV_680.mp4,NonViolence,.mp4,True,224,224,24.0,120,5.0
NV_681.mp4,NonViolence,.mp4,True,224,224,24.0,120,5.0
NV_682.mp4,NonViolence,.mp4,True,224,224,24.0,120,5.0
NV_683.mp4,NonViolence,.mp4,True,224,224,25.0,125,5.0
NV_684.mp4,NonViolence,.mp4,True,224,224,25.0,125,5.0
NV_685.mp4,NonViolence,.mp4,True,224,224,25.0,125,5.0
NV_686.mp4,NonViolence,.mp4,True,224,224,25.0,125,5.0
NV_687.mp4,NonViolence,.mp4,True,228,360,30.0,114,3.8
NV_688.mp4,NonViolence,.mp4,True,224,224,25.0,125,5.0
NV_689.mp4,NonViolence,.mp4,True,224,224,25.0,125,5.0
NV_69.mp4,NonViolence,.mp4,True,224,224,30.0,150,5.0
NV_690.mp4,NonViolence,.mp4,True,224,224,25.0,125,5.0
NV_691.mp4,NonViolence,.mp4,True,224,224,25.0,125,5.0
NV_692.mp4,NonViolence,.mp4,True,224,224,25.0,125,5.0
NV_693.mp4,NonViolence,.mp4,True,224,224,25.0,125,5.0
NV_694.mp4,NonViolence,.mp4,True,224,224,25.0,125,5.0
NV_695.mp4,NonViolence,.mp4,True,224,224,25.0,125,5.0
NV_696.mp4,NonViolence,.mp4,True,224,224,25.0,125,5.0
NV_697.mp4,NonViolence,.mp4,True,224,224,25.0,125,5.0
NV_698.mp4,NonViolence,.mp4,True,224,224,25.0,125,5.0
NV_699.mp4,NonViolence,.mp4,True,224,224,25.0,125,5.0
NV_7.mp4,NonViolence,.mp4,True,1280,720,25.0,95,3.8
NV_70.mp4,NonViolence,.mp4,True,224,224,30.0,150,5.0
NV_700.mp4,NonViolence,.mp4,True,224,224,25.0,125,5.0
NV_701.mp4,NonViolence,.mp4,True,224,224,25.0,125,5.0
NV_702.mp4,NonViolence,.mp4,True,224,224,25.0,125,5.0
NV_703.mp4,NonViolence,.mp4,True,224,224,25.0,125,5.0
NV_704.mp4,NonViolence,.mp4,True,224,224,25.0,125,5.0
NV_705.mp4,NonViolence,.mp4,True,224,224,25.0,125,5.0
NV_706.mp4,NonViolence,.mp4,True,224,224,25.0,125,5.0
NV_707.mp4,NonViolence,.mp4,True,224,224,25.0,125,5.0
NV_708.mp4,NonViolence,.mp4,True,224,224,25.0,125,5.0
NV_709.mp4,NonViolence,.mp4,True,224,224,25.0,125,5.0
NV_71.mp4,NonViolence,.mp4,True,224,224,30.0,150,5.0
NV_710.mp4,NonViolence,.mp4,True,224,224,25.0,125,5.0
NV_711.mp4,NonViolence,.mp4,True,224,224,25.0,125,5.0
NV_712.mp4,NonViolence,.mp4,True,224,224,25.0,125,5.0
NV_713.mp4,NonViolence,.mp4,True,224,224,25.0,125,5.0
NV_714.mp4,NonViolence,.mp4,True,224,224,25.0,125,5.0
NV_715.mp4,NonViolence,.mp4,True,224,224,25.0,125,5.0
NV_716.mp4,NonViolence,.mp4,True,224,224,25.0,125,5.0
NV_717.mp4,NonViolence,.mp4,True,224,224,25.0,125,5.0
NV_718.mp4,NonViolence,.mp4,True,224,224,25.0,125,5.0
NV_719.mp4,NonViolence,.mp4,True,224,224,25.0,125,5.0
NV_72.mp4,NonViolence,.mp4,True,224,224,30.0,150,5.0
NV_720.mp4,NonViolence,.mp4,True,224,224,25.0,125,5.0
NV_721.mp4,NonViolence,.mp4,True,224,224,25.0,125,5.0
NV_722.mp4,NonViolence,.mp4,True,224,224,25.0,125,5.0
NV_723.mp4,NonViolence,.mp4,True,224,224,25.0,125,5.0
NV_724.mp4,NonViolence,.mp4,True,640,360,25.0,148,5.92
NV_725.mp4,NonViolence,.mp4,True,640,360,25.0,120,4.8
NV_726.mp4,NonViolence,.mp4,True,640,360,25.0,125,5.0
NV_727.mp4,NonViolence,.mp4,True,640,360,25.0,135,5.4
NV_728.mp4,NonViolence,.mp4,True,640,360,25.0,133,5.32
NV_729.mp4,NonViolence,.mp4,True,640,360,25.0,135,5.4
NV_73.mp4,NonViolence,.mp4,True,224,224,25.0,125,5.0
NV_730.mp4,NonViolence,.mp4,True,368,272,30.0,174,5.8
NV_731.mp4,NonViolence,.mp4,True,368,272,30.0,177,5.9
NV_732.mp4,NonViolence,.mp4,True,368,272,30.0,201,6.7
NV_733.mp4,NonViolence,.mp4,True,368,272,30.0,180,6.0
NV_734.mp4,NonViolence,.mp4,True,368,272,30.0,156,5.2
NV_735.mp4,NonViolence,.mp4,True,368,272,30.0,171,5.7
NV_736.mp4,NonViolence,.mp4,True,368,272,30.0,186,6.2
NV_737.mp4,NonViolence,.mp4,True,368,272,30.0,147,4.9
NV_738.mp4,NonViolence,.mp4,True,854,480,29.97,153,5.11
NV_739.mp4,NonViolence,.mp4,True,854,480,29.97,158,5.27
NV_74.mp4,NonViolence,.mp4,True,224,224,30.0,150,5.0
NV_740.mp4,NonViolence,.mp4,True,854,480,29.97,140,4.67
NV_741.mp4,NonViolence,.mp4,True,854,480,29.97,138,4.6
NV_742.mp4,NonViolence,.mp4,True,854,480,29.97,164,5.47
NV_743.mp4,NonViolence,.mp4,True,854,480,29.97,140,4.67
NV_744.mp4,NonViolence,.mp4,True,854,480,29.97,156,5.21
NV_745.mp4,NonViolence,.mp4,True,854,480,29.97,134,4.47
NV_746.mp4,NonViolence,.mp4,True,854,480,29.97,144,4.8
NV_747.mp4,NonViolence,.mp4,True,854,480,29.97,147,4.9
NV_748.mp4,NonViolence,.mp4,True,854,480,29.97,138,4.6
NV_749.mp4,NonViolence,.mp4,True,854,480,29.97,137,4.57
NV_75.mp4,NonViolence,.mp4,True,224,224,30.0,150,5.0
NV_750.mp4,NonViolence,.mp4,True,224,224,25.0,125,5.0
NV_751.mp4,NonViolence,.mp4,True,224,224,25.0,125,5.0
NV_752.mp4,NonViolence,.mp4,True,224,224,25.0,125,5.0
NV_753.mp4,NonViolence,.mp4,True,224,224,25.0,125,5.0
NV_754.mp4,NonViolence,.mp4,True,224,224,25.0,125,5.0
NV_755.mp4,NonViolence,.mp4,True,224,224,25.0,125,5.0
NV_756.mp4,NonViolence,.mp4,True,224,224,25.0,125,5.0
NV_757.mp4,NonViolence,.mp4,True,224,224,25.0,125,5.0
NV_758.mp4,NonViolence,.mp4,True,224,224,25.0,125,5.0
NV_759.mp4,NonViolence,.mp4,True,224,224,25.0,125,5.0
NV_76.mp4,NonViolence,.mp4,True,224,224,30.0,150,5.0
NV_760.mp4,NonViolence,.mp4,True,224,224,25.0,125,5.0
NV_761.mp4,NonViolence,.mp4,True,1280,720,29.97,198,6.61
NV_762.mp4,NonViolence,.mp4,True,224,224,23.0,115,5.0
NV_763.mp4,NonViolence,.mp4,True,224,224,23.0,115,5.0
NV_764.mp4,NonViolence,.mp4,True,224,224,23.0,115,5.0
NV_765.mp4,NonViolence,.mp4,True,224,224,23.0,115,5.0
NV_766.mp4,NonViolence,.mp4,True,224,224,23.0,115,5.0
NV_767.mp4,NonViolence,.mp4,True,224,224,23.0,115,5.0
NV_768.mp4,NonViolence,.mp4,True,224,224,23.0,115,5.0
NV_769.mp4,NonViolence,.mp4,True,224,224,23.0,115,5.0
NV_77.mp4,NonViolence,.mp4,True,224,224,30.0,150,5.0
NV_770.mp4,NonViolence,.mp4,True,224,224,23.0,115,5.0
NV_771.mp4,NonViolence,.mp4,True,224,224,23.0,115,5.0
NV_772.mp4,NonViolence,.mp4,True,224,224,23.0,115,5.0
NV_773.mp4,NonViolence,.mp4,True,224,224,23.0,115,5.0
NV_774.mp4,NonViolence,.mp4,True,224,224,23.0,115,5.0
NV_775.mp4,NonViolence,.mp4,True,224,224,23.0,115,5.0
NV_776.mp4,NonViolence,.mp4,True,224,224,23.0,115,5.0
NV_777.mp4,NonViolence,.mp4,True,224,224,23.0,115,5.0
NV_778.mp4,NonViolence,.mp4,True,224,224,23.0,115,5.0
NV_779.mp4,NonViolence,.mp4,True,224,224,23.0,115,5.0
NV_78.mp4,NonViolence,.mp4,True,224,224,30.0,150,5.0
NV_780.mp4,NonViolence,.mp4,True,224,224,23.0,115,5.0
NV_781.mp4,NonViolence,.mp4,True,224,224,23.0,115,5.0
NV_782.mp4,NonViolence,.mp4,True,224,224,23.0,115,5.0
NV_783.mp4,NonViolence,.mp4,True,224,224,23.0,115,5.0
NV_784.mp4,NonViolence,.mp4,True,224,224,23.0,115,5.0
NV_785.mp4,NonViolence,.mp4,True,224,224,23.0,115,5.0
NV_786.mp4,NonViolence,.mp4,True,224,224,23.0,115,5.0
NV_787.mp4,NonViolence,.mp4,True,224,224,23.0,115,5.0
NV_788.mp4,NonViolence,.mp4,True,224,224,23.0,115,5.0
NV_789.mp4,NonViolence,.mp4,True,224,224,23.0,115,5.0
NV_79.mp4,NonViolence,.mp4,True,224,224,25.0,125,5.0
NV_790.mp4,NonViolence,.mp4,True,224,224,23.0,115,5.0
NV_791.mp4,NonViolence,.mp4,True,224,224,23.0,115,5.0
NV_792.mp4,NonViolence,.mp4,True,224,224,23.0,115,5.0
NV_793.mp4,NonViolence,.mp4,True,224,224,23.0,115,5.0
NV_794.mp4,NonViolence,.mp4,True,224,224,23.0,115,5.0
NV_795.mp4,NonViolence,.mp4,True,224,224,23.0,115,5.0
NV_796.mp4,NonViolence,.mp4,True,224,224,23.0,115,5.0
NV_797.mp4,NonViolence,.mp4,True,224,224,23.0,115,5.0
NV_798.mp4,NonViolence,.mp4,True,224,224,23.0,115,5.0
NV_799.mp4,NonViolence,.mp4,True,224,224,23.0,115,5.0
NV_8.mp4,NonViolence,.mp4,True,1280,720,25.0,128,5.12
NV_80.mp4,NonViolence,.mp4,True,224,224,25.0,125,5.0
NV_800.mp4,NonViolence,.mp4,True,224,224,23.0,115,5.0
NV_801.mp4,NonViolence,.mp4,True,224,224,23.0,115,5.0
NV_802.mp4,NonViolence,.mp4,True,224,224,23.0,115,5.0
NV_803.mp4,NonViolence,.mp4,True,224,224,23.0,115,5.0
NV_804.mp4,NonViolence,.mp4,True,224,224,23.0,115,5.0
NV_805.mp4,NonViolence,.mp4,True,224,224,23.0,115,5.0
NV_806.mp4,NonViolence,.mp4,True,224,224,23.0,115,5.0
NV_807.mp4,NonViolence,.mp4,True,224,224,23.0,115,5.0
NV_808.mp4,NonViolence,.mp4,True,224,224,23.0,115,5.0
NV_809.mp4,NonViolence,.mp4,True,224,224,23.0,115,5.0
NV_81.mp4,NonViolence,.mp4,True,640,360,25.0,95,3.8
NV_810.mp4,NonViolence,.mp4,True,224,224,23.0,115,5.0
NV_811.mp4,NonViolence,.mp4,True,224,224,23.0,115,5.0
NV_812.mp4,NonViolence,.mp4,True,224,224,23.0,115,5.0
NV_813.mp4,NonViolence,.mp4,True,224,224,23.0,115,5.0
NV_814.mp4,NonViolence,.mp4,True,224,224,23.0,115,5.0
NV_815.mp4,NonViolence,.mp4,True,224,224,23.0,115,5.0
NV_816.mp4,NonViolence,.mp4,True,224,224,23.0,115,5.0
NV_817.mp4,NonViolence,.mp4,True,224,224,23.0,115,5.0
NV_818.mp4,NonViolence,.mp4,True,224,224,23.0,115,5.0
NV_819.mp4,NonViolence,.mp4,True,224,224,23.0,115,5.0
NV_82.mp4,NonViolence,.mp4,True,640,360,25.0,103,4.12
NV_820.mp4,NonViolence,.mp4,True,224,224,23.0,115,5.0
NV_821.mp4,NonViolence,.mp4,True,224,224,23.0,115,5.0
NV_822.mp4,NonViolence,.mp4,True,224,224,23.0,115,5.0
NV_823.mp4,NonViolence,.mp4,True,1280,720,29.97,144,4.8
NV_824.mp4,NonViolence,.mp4,True,1280,720,29.97,147,4.9
NV_825.mp4,NonViolence,.mp4,True,854,480,25.0,138,5.52
NV_826.mp4,NonViolence,.mp4,True,854,480,25.0,137,5.48
NV_827.mp4,NonViolence,.mp4,True,854,480,25.0,135,5.4
NV_828.mp4,NonViolence,.mp4,True,854,480,25.0,138,5.52
NV_829.mp4,NonViolence,.mp4,True,854,480,25.0,113,4.52
NV_83.mp4,NonViolence,.mp4,True,640,360,25.0,95,3.8
NV_830.mp4,NonViolence,.mp4,True,854,480,25.0,113,4.52
NV_831.mp4,NonViolence,.mp4,True,854,480,25.0,135,5.4
NV_832.mp4,NonViolence,.mp4,True,854,480,25.0,134,5.36
NV_833.mp4,NonViolence,.mp4,True,854,480,25.0,134,5.36
NV_834.mp4,NonViolence,.mp4,True,854,480,25.0,123,4.92
NV_835.mp4,NonViolence,.mp4,True,854,480,25.0,139,5.56
NV_836.mp4,NonViolence,.mp4,True,854,480,25.0,154,6.16
NV_837.mp4,NonViolence,.mp4,True,854,480,25.0,127,5.08
NV_838.mp4,NonViolence,.mp4,True,854,480,25.0,109,4.36
NV_839.mp4,NonViolence,.mp4,True,854,480,25.0,162,6.48
NV_84.mp4,NonViolence,.mp4,True,640,360,25.0,100,4.0
NV_840.mp4,NonViolence,.mp4,True,854,480,25.0,113,4.52
NV_841.mp4,NonViolence,.mp4,True,854,480,25.0,113,4.52
NV_842.mp4,NonViolence,.mp4,True,854,480,25.0,137,5.48
NV_843.mp4,NonViolence,.mp4,True,1280,720,25.0,115,4.6
NV_844.mp4,NonViolence,.mp4,True,1280,720,25.0,137,5.48
NV_845.mp4,NonViolence,.mp4,True,1280,720,25.0,113,4.52
NV_846.mp4,NonViolence,.mp4,True,1280,720,25.0,105,4.2
NV_847.mp4,NonViolence,.mp4,True,1280,720,25.0,113,4.52
NV_848.mp4,NonViolence,.mp4,True,1280,720,25.0,103,4.12
NV_849.mp4,NonViolence,.mp4,True,1280,720,25.0,110,4.4
NV_85.mp4,NonViolence,.mp4,True,640,360,25.0,95,3.8
NV_850.mp4,NonViolence,.mp4,True,1280,720,25.0,124,4.96
NV_851.mp4,NonViolence,.mp4,True,1280,720,25.0,132,5.28
NV_852.mp4,NonViolence,.mp4,True,1280,720,25.0,87,3.48
NV_853.mp4,NonViolence,.mp4,True,1280,720,25.0,87,3.48
NV_854.mp4,NonViolence,.mp4,True,1280,720,25.0,113,4.52
NV_855.mp4,NonViolence,.mp4,True,1280,720,25.0,112,4.48
NV_856.mp4,NonViolence,.mp4,True,1280,720,25.0,114,4.56
NV_857.mp4,NonViolence,.mp4,True,1280,720,25.0,107,4.28
NV_858.mp4,NonViolence,.mp4,True,1280,720,25.0,123,4.92
NV_859.mp4,NonViolence,.mp4,True,1280,720,25.0,107,4.28
NV_86.mp4,NonViolence,.mp4,True,640,360,29.97,129,4.3
NV_860.mp4,NonViolence,.mp4,True,1280,720,25.0,130,5.2
NV_861.mp4,NonViolence,.mp4,True,1280,720,25.0,110,4.4
NV_862.mp4,NonViolence,.mp4,True,1280,720,25.0,124,4.96
NV_863.avi,NonViolence,.avi,True,224,224,25.0,125,5.0
NV_864.avi,NonViolence,.avi,True,224,224,25.0,125,5.0
NV_865.avi,NonViolence,.avi,True,224,224,25.0,125,5.0
NV_866.avi,NonViolence,.avi,True,224,224,25.0,125,5.0
NV_867.avi,NonViolence,.avi,True,224,224,25.0,125,5.0
NV_868.avi,NonViolence,.avi,True,224,224,25.0,125,5.0
NV_869.avi,NonViolence,.avi,True,224,224,25.0,125,5.0
NV_87.mp4,NonViolence,.mp4,True,640,360,29.97,126,4.2
NV_870.avi,NonViolence,.avi,True,224,224,25.0,125,5.0
NV_871.avi,NonViolence,.avi,True,224,224,25.0,125,5.0
NV_872.avi,NonViolence,.avi,True,224,224,25.0,125,5.0
NV_873.avi,NonViolence,.avi,True,224,224,25.0,125,5.0
NV_874.avi,NonViolence,.avi,True,224,224,25.0,125,5.0
NV_875.avi,NonViolence,.avi,True,224,224,25.0,125,5.0
NV_876.avi,NonViolence,.avi,True,224,224,25.0,125,5.0
NV_877.avi,NonViolence,.avi,True,224,224,25.0,125,5.0
NV_878.avi,NonViolence,.avi,True,224,224,25.0,125,5.0
NV_879.avi,NonViolence,.avi,True,224,224,25.0,125,5.0
NV_88.mp4,NonViolence,.mp4,True,640,360,29.97,135,4.5
NV_880.avi,NonViolence,.avi,True,224,224,25.0,125,5.0
NV_881.avi,NonViolence,.avi,True,224,224,25.0,125,5.0
NV_882.avi,NonViolence,.avi,True,224,224,25.0,125,5.0
NV_883.avi,NonViolence,.avi,True,224,224,25.0,125,5.0
NV_884.avi,NonViolence,.avi,True,224,224,25.0,125,5.0
NV_885.avi,NonViolence,.avi,True,224,224,25.0,125,5.0
NV_886.avi,NonViolence,.avi,True,224,224,25.0,125,5.0
NV_887.avi,NonViolence,.avi,True,224,224,25.0,125,5.0
NV_888.avi,NonViolence,.avi,True,224,224,25.0,125,5.0
NV_889.avi,NonViolence,.avi,True,224,224,25.0,125,5.0
NV_89.mp4,NonViolence,.mp4,True,640,360,29.97,138,4.6
NV_890.avi,NonViolence,.avi,True,224,224,30.0,150,5.0
NV_891.avi,NonViolence,.avi,True,224,224,30.0,150,5.0
NV_892.avi,NonViolence,.avi,True,224,224,30.0,150,5.0
NV_893.avi,NonViolence,.avi,True,224,224,30.0,150,5.0
NV_894.avi,NonViolence,.avi,True,224,224,30.0,150,5.0
NV_895.avi,NonViolence,.avi,True,224,224,30.0,150,5.0
NV_896.avi,NonViolence,.avi,True,224,224,30.0,150,5.0
NV_897.avi,NonViolence,.avi,True,224,224,30.0,150,5.0
NV_898.avi,NonViolence,.avi,True,224,224,30.0,150,5.0
NV_899.avi,NonViolence,.avi,True,224,224,30.0,150,5.0
NV_9.mp4,NonViolence,.mp4,True,1280,720,25.0,123,4.92
NV_90.mp4,NonViolence,.mp4,True,640,360,29.97,138,4.6
NV_900.avi,NonViolence,.avi,True,224,224,30.0,150,5.0
NV_901.avi,NonViolence,.avi,True,224,224,30.0,150,5.0
NV_902.avi,NonViolence,.avi,True,224,224,30.0,150,5.0
NV_903.avi,NonViolence,.avi,True,224,224,30.0,150,5.0
NV_904.avi,NonViolence,.avi,True,224,224,30.0,150,5.0
NV_905.avi,NonViolence,.avi,True,224,224,30.0,150,5.0
NV_906.avi,NonViolence,.avi,True,224,224,30.0,150,5.0
NV_907.avi,NonViolence,.avi,True,224,224,30.0,150,5.0
NV_908.avi,NonViolence,.avi,True,224,224,30.0,150,5.0
NV_909.avi,NonViolence,.avi,True,224,224,30.0,150,5.0
NV_91.mp4,NonViolence,.mp4,True,640,360,25.0,108,4.32
NV_910.avi,NonViolence,.avi,True,224,224,30.0,150,5.0
NV_911.mp4,NonViolence,.mp4,True,224,224,29.0,145,5.0
NV_912.mp4,NonViolence,.mp4,True,224,224,29.0,145,5.0
NV_913.mp4,NonViolence,.mp4,True,224,224,29.0,145,5.0
NV_914.mp4,NonViolence,.mp4,True,224,224,29.0,145,5.0
NV_915.mp4,NonViolence,.mp4,True,224,224,29.0,145,5.0
NV_916.mp4,NonViolence,.mp4,True,224,224,29.0,145,5.0
NV_917.mp4,NonViolence,.mp4,True,224,224,29.0,145,5.0
NV_918.mp4,NonViolence,.mp4,True,224,224,29.0,145,5.0
NV_919.mp4,NonViolence,.mp4,True,224,224,29.0,145,5.0
NV_92.mp4,NonViolence,.mp4,True,640,360,25.0,133,5.32
NV_920.mp4,NonViolence,.mp4,True,224,224,29.0,145,5.0
NV_921.mp4,NonViolence,.mp4,True,224,224,29.0,145,5.0
NV_922.mp4,NonViolence,.mp4,True,224,224,29.0,145,5.0
NV_923.mp4,NonViolence,.mp4,True,224,224,29.0,145,5.0
NV_924.mp4,NonViolence,.mp4,True,224,224,29.0,145,5.0
NV_925.mp4,NonViolence,.mp4,True,224,224,29.0,145,5.0
NV_926.mp4,NonViolence,.mp4,True,224,224,29.0,145,5.0
NV_927.mp4,NonViolence,.mp4,True,224,224,29.0,145,5.0
NV_928.mp4,NonViolence,.mp4,True,224,224,29.0,145,5.0
NV_929.mp4,NonViolence,.mp4,True,224,224,29.0,145,5.0
NV_93.mp4,NonViolence,.mp4,True,640,360,25.0,108,4.32
NV_930.mp4,NonViolence,.mp4,True,224,224,29.0,145,5.0
NV_931.mp4,NonViolence,.mp4,True,224,224,29.0,145,5.0
NV_932.mp4,NonViolence,.mp4,True,224,224,29.0,145,5.0
NV_933.mp4,NonViolence,.mp4,True,224,224,29.0,145,5.0
NV_934.mp4,NonViolence,.mp4,True,224,224,29.0,145,5.0
NV_935.mp4,NonViolence,.mp4,True,224,224,29.0,145,5.0
NV_936.mp4,NonViolence,.mp4,True,224,224,29.0,145,5.0
NV_937.mp4,NonViolence,.mp4,True,224,224,29.0,145,5.0
NV_938.mp4,NonViolence,.mp4,True,224,224,29.0,145,5.0
NV_939.mp4,NonViolence,.mp4,True,224,224,29.0,145,5.0
NV_94.mp4,NonViolence,.mp4,True,640,360,25.0,100,4.0
NV_940.mp4,NonViolence,.mp4,True,224,224,29.0,29,1.0
NV_941.mp4,NonViolence,.mp4,True,224,224,29.0,145,5.0
NV_942.mp4,NonViolence,.mp4,True,224,224,29.0,145,5.0
NV_943.mp4,NonViolence,.mp4,True,224,224,29.0,145,5.0
NV_944.mp4,NonViolence,.mp4,True,224,224,29.0,145,5.0
NV_945.mp4,NonViolence,.mp4,True,224,224,29.0,145,5.0
NV_946.mp4,NonViolence,.mp4,True,224,224,29.0,145,5.0
NV_947.mp4,NonViolence,.mp4,True,224,224,29.0,145,5.0
NV_948.mp4,NonViolence,.mp4,True,224,224,29.0,145,5.0
NV_949.mp4,NonViolence,.mp4,True,224,224,29.0,145,5.0
NV_95.mp4,NonViolence,.mp4,True,640,360,25.0,120,4.8
NV_950.mp4,NonViolence,.mp4,True,224,224,29.0,145,5.0
NV_951.mp4,NonViolence,.mp4,True,224,224,29.0,145,5.0
NV_952.mp4,NonViolence,.mp4,True,224,224,29.0,145,5.0
NV_953.mp4,NonViolence,.mp4,True,224,224,29.0,145,5.0
NV_954.mp4,NonViolence,.mp4,True,224,224,29.0,145,5.0
NV_955.mp4,NonViolence,.mp4,True,224,224,29.0,145,5.0
NV_956.mp4,NonViolence,.mp4,True,224,224,29.0,145,5.0
NV_957.mp4,NonViolence,.mp4,True,224,224,29.0,145,5.0
NV_958.mp4,NonViolence,.mp4,True,224,224,29.0,145,5.0
NV_959.mp4,NonViolence,.mp4,True,224,224,29.0,145,5.0
NV_96.mp4,NonViolence,.mp4,True,854,480,29.97,171,5.71
NV_960.mp4,NonViolence,.mp4,True,224,224,29.0,145,5.0
NV_961.mp4,NonViolence,.mp4,True,224,224,29.0,145,5.0
NV_962.mp4,NonViolence,.mp4,True,224,224,29.0,145,5.0
NV_963.mp4,NonViolence,.mp4,True,224,224,29.0,145,5.0
NV_964.mp4,NonViolence,.mp4,True,224,224,29.0,145,5.0
NV_965.mp4,NonViolence,.mp4,True,224,224,29.0,145,5.0
NV_966.mp4,NonViolence,.mp4,True,224,224,29.0,145,5.0
NV_967.mp4,NonViolence,.mp4,True,224,224,29.0,145,5.0
NV_968.mp4,NonViolence,.mp4,True,224,224,29.0,145,5.0
NV_969.mp4,NonViolence,.mp4,True,224,224,29.0,145,5.0
NV_97.mp4,NonViolence,.mp4,True,640,360,25.0,88,3.52
NV_970.mp4,NonViolence,.mp4,True,224,224,29.0,145,5.0
NV_971.mp4,NonViolence,.mp4,True,224,224,29.0,145,5.0
NV_972.mp4,NonViolence,.mp4,True,224,224,29.0,145,5.0
NV_973.mp4,NonViolence,.mp4,True,224,224,29.0,145,5.0
NV_974.mp4,NonViolence,.mp4,True,224,224,29.0,145,5.0
NV_975.mp4,NonViolence,.mp4,True,224,224,29.0,145,5.0
NV_976.mp4,NonViolence,.mp4,True,224,224,29.0,145,5.0
NV_977.mp4,NonViolence,.mp4,True,224,224,29.0,145,5.0
NV_978.mp4,NonViolence,.mp4,True,224,224,29.0,145,5.0
NV_979.mp4,NonViolence,.mp4,True,224,224,29.0,145,5.0
NV_98.mp4,NonViolence,.mp4,True,640,360,25.0,95,3.8
NV_980.mp4,NonViolence,.mp4,True,224,224,29.0,145,5.0
NV_981.mp4,NonViolence,.mp4,True,224,224,29.0,145,5.0
NV_982.mp4,NonViolence,.mp4,True,224,224,29.0,145,5.0
NV_983.mp4,NonViolence,.mp4,True,224,224,29.0,145,5.0
NV_984.mp4,NonViolence,.mp4,True,224,224,29.0,145,5.0
NV_985.mp4,NonViolence,.mp4,True,224,224,29.0,145,5.0
NV_986.mp4,NonViolence,.mp4,True,224,224,29.0,145,5.0
NV_987.mp4,NonViolence,.mp4,True,224,224,29.0,145,5.0
NV_988.mp4,NonViolence,.mp4,True,224,224,29.0,145,5.0
NV_989.mp4,NonViolence,.mp4,True,1280,720,23.98,146,6.09
NV_99.mp4,NonViolence,.mp4,True,640,360,25.0,138,5.52
NV_990.mp4,NonViolence,.mp4,True,1280,720,23.98,130,5.42
NV_991.mp4,NonViolence,.mp4,True,1280,720,23.98,128,5.34
NV_992.mp4,NonViolence,.mp4,True,1280,720,30.0,5397,179.9
NV_993.mp4,NonViolence,.mp4,True,1280,720,30.0,135,4.5
NV_994.mp4,NonViolence,.mp4,True,1280,720,30.0,120,4.0
NV_995.mp4,NonViolence,.mp4,True,1280,720,23.98,128,5.34
NV_996.mp4,NonViolence,.mp4,True,1280,720,23.98,154,6.42
NV_997.mp4,NonViolence,.mp4,True,1280,720,23.98,152,6.34
NV_998.mp4,NonViolence,.mp4,True,1280,720,23.98,154,6.42
NV_999.mp4,NonViolence,.mp4,True,1280,720,23.98,168,7.01
V_1.mp4,Violence,.mp4,True,1920,1080,15.42,103,6.68
V_10.mp4,Violence,.mp4,True,1920,1080,18.22,96,5.27
V_100.mp4,Violence,.mp4,True,640,360,29.97,153,5.11
V_1000.mp4,Violence,.mp4,True,260,360,30.0,150,5.0
V_101.mp4,Violence,.mp4,True,640,360,29.97,108,3.6
V_102.mp4,Violence,.mp4,True,640,360,29.97,153,5.11
V_103.mp4,Violence,.mp4,True,640,360,29.97,150,5.0
V_104.mp4,Violence,.mp4,True,640,360,29.97,150,5.0
V_105.mp4,Violence,.mp4,True,640,360,29.97,153,5.11
V_106.mp4,Violence,.mp4,True,640,360,29.97,150,5.0
V_107.mp4,Violence,.mp4,True,640,360,29.97,150,5.0
V_108.mp4,Violence,.mp4,True,640,360,29.97,120,4.0
V_109.mp4,Violence,.mp4,True,640,360,29.97,108,3.6
V_11.mp4,Violence,.mp4,True,1280,720,29.97,222,7.41
V_110.mp4,Violence,.mp4,True,204,360,29.97,150,5.0
V_111.mp4,Violence,.mp4,True,204,360,29.97,141,4.7
V_112.mp4,Violence,.mp4,True,204,360,29.97,132,4.4
V_113.mp4,Violence,.mp4,True,204,360,29.97,162,5.41
V_114.mp4,Violence,.mp4,True,1280,720,29.97,150,5.0
V_115.mp4,Violence,.mp4,True,1280,720,29.97,150,5.0
V_116.mp4,Violence,.mp4,True,1280,720,29.97,153,5.11
V_117.mp4,Violence,.mp4,True,1280,720,29.97,147,4.9
V_118.mp4,Violence,.mp4,True,1280,720,29.97,150,5.0
V_119.mp4,Violence,.mp4,True,1280,720,29.97,153,5.11
V_12.mp4,Violence,.mp4,True,410,652,29.97,138,4.6
V_120.mp4,Violence,.mp4,True,1280,720,29.97,147,4.9
V_121.mp4,Violence,.mp4,True,1280,720,29.97,150,5.0
V_122.mp4,Violence,.mp4,True,210,358,29.97,150,5.0
V_123.mp4,Violence,.mp4,True,640,360,30.0,177,5.9
V_124.mp4,Violence,.mp4,True,640,360,30.0,177,5.9
V_125.mp4,Violence,.mp4,True,640,360,30.0,177,5.9
V_126.mp4,Violence,.mp4,True,640,360,30.0,177,5.9
V_127.mp4,Violence,.mp4,True,640,360,30.0,177,5.9
V_128.mp4,Violence,.mp4,True,640,360,30.0,177,5.9
V_129.mp4,Violence,.mp4,True,640,360,30.0,177,5.9
V_13.mp4,Violence,.mp4,True,410,652,29.97,159,5.31
V_130.mp4,Violence,.mp4,True,640,360,30.0,177,5.9
V_131.mp4,Violence,.mp4,True,640,360,30.0,177,5.9
V_132.mp4,Violence,.mp4,True,640,360,30.0,177,5.9
V_133.mp4,Violence,.mp4,True,640,360,30.0,177,5.9
V_134.mp4,Violence,.mp4,True,640,360,30.0,177,5.9
V_135.mp4,Violence,.mp4,True,640,360,30.0,177,5.9
V_136.mp4,Violence,.mp4,True,640,360,30.0,177,5.9
V_137.mp4,Violence,.mp4,True,640,360,30.0,177,5.9
V_138.mp4,Violence,.mp4,True,640,360,30.0,177,5.9
V_139.mp4,Violence,.mp4,True,640,360,30.0,177,5.9
V_14.mp4,Violence,.mp4,True,854,540,29.97,180,6.01
V_140.mp4,Violence,.mp4,True,640,360,30.0,180,6.0
V_141.mp4,Violence,.mp4,True,640,360,30.0,177,5.9
V_142.mp4,Violence,.mp4,True,640,360,30.0,177,5.9
V_143.mp4,Violence,.mp4,True,640,360,30.0,177,5.9
V_144.mp4,Violence,.mp4,True,640,360,30.0,213,7.1
V_145.mp4,Violence,.mp4,True,640,360,30.0,177,5.9
V_146.mp4,Violence,.mp4,True,640,360,30.0,177,5.9
V_147.mp4,Violence,.mp4,True,640,360,30.0,180,6.0
V_148.mp4,Violence,.mp4,True,640,360,30.0,177,5.9
V_149.mp4,Violence,.mp4,True,640,360,30.0,177,5.9
V_15.mp4,Violence,.mp4,True,576,720,29.97,108,3.6
V_150.mp4,Violence,.mp4,True,640,360,30.0,177,5.9
V_151.mp4,Violence,.mp4,True,640,360,30.0,177,5.9
V_152.mp4,Violence,.mp4,True,640,360,30.0,177,5.9
V_153.mp4,Violence,.mp4,True,640,360,30.0,177,5.9
V_154.mp4,Violence,.mp4,True,640,360,30.0,177,5.9
V_155.mp4,Violence,.mp4,True,640,360,30.0,177,5.9
V_156.mp4,Violence,.mp4,True,320,240,20.0,98,4.9
V_157.mp4,Violence,.mp4,True,320,240,20.0,90,4.5
V_158.mp4,Violence,.mp4,True,320,240,20.0,94,4.7
V_159.mp4,Violence,.mp4,True,320,240,20.0,76,3.8
V_16.mp4,Violence,.mp4,True,576,720,29.97,105,3.5
V_160.mp4,Violence,.mp4,True,320,240,20.0,106,5.3
V_161.mp4,Violence,.mp4,True,320,240,20.0,102,5.1
V_162.mp4,Violence,.mp4,True,320,240,20.0,108,5.4
V_163.mp4,Violence,.mp4,True,320,240,20.0,98,4.9
V_164.mp4,Violence,.mp4,True,320,240,20.0,106,5.3
V_165.mp4,Violence,.mp4,True,320,240,20.0,100,5.0
V_166.mp4,Violence,.mp4,True,320,240,20.0,124,6.2
V_167.mp4,Violence,.mp4,True,320,240,20.0,84,4.2
V_168.mp4,Violence,.mp4,True,320,240,20.0,88,4.4
V_169.mp4,Violence,.mp4,True,320,240,20.0,98,4.9
V_17.mp4,Violence,.mp4,True,1070,720,29.97,192,6.41
V_170.mp4,Violence,.mp4,True,320,240,20.0,110,5.5
V_171.mp4,Violence,.mp4,True,320,240,20.0,62,3.1
V_172.mp4,Violence,.mp4,True,320,240,20.0,74,3.7
V_173.mp4,Violence,.mp4,True,320,240,20.0,108,5.4
V_174.mp4,Violence,.mp4,True,204,360,30.0,126,4.2
V_175.mp4,Violence,.mp4,True,204,360,30.0,123,4.1
V_176.mp4,Violence,.mp4,True,204,360,30.0,129,4.3
V_177.mp4,Violence,.mp4,True,204,360,30.0,120,4.0
V_178.mp4,Violence,.mp4,True,204,360,30.0,144,4.8
V_179.mp4,Violence,.mp4,True,204,360,30.0,141,4.7
V_18.mp4,Violence,.mp4,True,1280,720,29.97,129,4.3
V_180.mp4,Violence,.mp4,True,204,360,30.0,132,4.4
V_181.mp4,Violence,.mp4,True,204,360,30.0,111,3.7
V_182.mp4,Violence,.mp4,True,204,360,30.0,111,3.7
V_183.mp4,Violence,.mp4,True,640,360,29.97,168,5.61
V_184.mp4,Violence,.mp4,True,640,360,29.97,168,5.61
V_185.mp4,Violence,.mp4,True,640,360,29.97,168,5.61
V_186.mp4,Violence,.mp4,True,640,360,29.97,150,5.0
V_187.mp4,Violence,.mp4,True,640,360,29.97,168,5.61
V_188.mp4,Violence,.mp4,True,640,360,29.97,168,5.61
V_189.mp4,Violence,.mp4,True,640,360,29.97,168,5.61
V_19.mp4,Violence,.mp4,True,718,720,29.97,108,3.6
V_190.mp4,Violence,.mp4,True,404,360,29.97,186,6.21
V_191.mp4,Violence,.mp4,True,286,360,29.97,165,5.51
V_192.mp4,Violence,.mp4,True,640,360,29.97,117,3.9
V_193.mp4,Violence,.mp4,True,640,360,29.97,168,5.61
V_194.mp4,Violence,.mp4,True,640,360,29.97,138,4.6
V_195.mp4,Violence,.mp4,True,640,360,29.97,144,4.8
V_196.mp4,Violence,.mp4,True,640,360,29.97,138,4.6
V_197.mp4,Violence,.mp4,True,640,360,29.97,168,5.61
V_198.mp4,Violence,.mp4,True,640,360,29.97,168,5.61
V_199.mp4,Violence,.mp4,True,640,360,29.97,141,4.7
V_2.mp4,Violence,.mp4,True,1920,1080,16.67,115,6.9
V_20.mp4,Violence,.mp4,True,1038,720,29.97,147,4.9
V_200.mp4,Violence,.mp4,True,640,360,29.97,168,5.61
V_201.mp4,Violence,.mp4,True,230,360,29.97,168,5.61
V_202.mp4,Violence,.mp4,True,640,360,29.97,168,5.61
V_203.mp4,Violence,.mp4,True,402,720,30.0,153,5.1
V_204.mp4,Violence,.mp4,True,402,720,30.0,156,5.2
V_205.mp4,Violence,.mp4,True,402,720,30.0,156,5.2
V_206.mp4,Violence,.mp4,True,402,720,30.0,168,5.6
V_207.mp4,Violence,.mp4,True,438,452,30.0,156,5.2
V_208.mp4,Violence,.mp4,True,408,534,30.0,156,5.2
V_209.mp4,Violence,.mp4,True,402,720,30.0,171,5.7
V_21.mp4,Violence,.mp4,True,718,720,29.97,180,6.01
V_210.mp4,Violence,.mp4,True,414,720,30.0,165,5.5
V_211.mp4,Violence,.mp4,True,408,720,30.0,156,5.2
V_212.mp4,Violence,.mp4,True,438,452,30.0,156,5.2
V_213.mp4,Violence,.mp4,True,1280,720,30.0,120,4.0
V_214.mp4,Violence,.mp4,True,438,452,30.0,156,5.2
V_215.mp4,Violence,.mp4,True,438,452,30.0,156,5.2
V_216.mp4,Violence,.mp4,True,438,452,30.0,156,5.2
V_217.mp4,Violence,.mp4,True,408,534,30.0,156,5.2
V_218.mp4,Violence,.mp4,True,438,720,30.0,156,5.2
V_219.mp4,Violence,.mp4,True,438,720,30.0,156,5.2
V_22.mp4,Violence,.mp4,True,410,498,29.97,159,5.31
V_220.mp4,Violence,.mp4,True,438,720,30.0,162,5.4
V_221.mp4,Violence,.mp4,True,1280,720,30.0,162,5.4
V_222.mp4,Violence,.mp4,True,1280,720,30.0,153,5.1
V_223.mp4,Violence,.mp4,True,1280,720,30.0,156,5.2
V_224.mp4,Violence,.mp4,True,408,720,30.0,171,5.7
V_225.mp4,Violence,.mp4,True,408,720,30.0,165,5.5
V_226.mp4,Violence,.mp4,True,408,534,30.0,153,5.1
V_227.mp4,Violence,.mp4,True,408,534,30.0,156,5.2
V_228.mp4,Violence,.mp4,True,408,534,30.0,153,5.1
V_229.mp4,Violence,.mp4,True,402,720,30.0,153,5.1
V_23.mp4,Violence,.mp4,True,410,720,29.97,126,4.2
V_230.mp4,Violence,.mp4,True,402,720,30.0,153,5.1
V_231.mp4,Violence,.mp4,True,402,720,30.0,153,5.1
V_232.mp4,Violence,.mp4,True,1280,720,30.0,138,4.6
V_233.mp4,Violence,.mp4,True,1280,720,30.0,153,5.1
V_234.mp4,Violence,.mp4,True,1280,720,30.0,156,5.2
V_235.mp4,Violence,.mp4,True,402,720,30.0,153,5.1
V_236.mp4,Violence,.mp4,True,1280,720,30.0,156,5.2
V_237.mp4,Violence,.mp4,True,1280,720,30.0,156,5.2
V_238.mp4,Violence,.mp4,True,1280,720,30.0,156,5.2
V_239.mp4,Violence,.mp4,True,1280,720,30.0,156,5.2
V_24.mp4,Violence,.mp4,True,410,720,29.97,210,7.01
V_240.mp4,Violence,.mp4,True,402,720,30.0,156,5.2
V_241.mp4,Violence,.mp4,True,1280,720,30.0,144,4.8
V_242.mp4,Violence,.mp4,True,1280,720,30.0,108,3.6
V_243.mp4,Violence,.mp4,True,1280,720,30.0,105,3.5
V_244.mp4,Violence,.mp4,True,442,720,30.0,108,3.6
V_245.mp4,Violence,.mp4,True,442,720,30.0,105,3.5
V_246.mp4,Violence,.mp4,True,442,720,30.0,105,3.5
V_247.mp4,Violence,.mp4,True,442,720,30.0,129,4.3
V_248.mp4,Violence,.mp4,True,442,720,30.0,114,3.8
V_249.mp4,Violence,.mp4,True,442,720,30.0,108,3.6
V_25.mp4,Violence,.mp4,True,584,650,29.97,129,4.3
V_250.mp4,Violence,.mp4,True,442,720,30.0,108,3.6
V_251.mp4,Violence,.mp4,True,442,720,30.0,141,4.7
V_252.mp4,Violence,.mp4,True,442,720,30.0,138,4.6
V_253.mp4,Violence,.mp4,True,442,720,30.0,162,5.4
V_254.mp4,Violence,.mp4,True,442,720,30.0,162,5.4
V_255.mp4,Violence,.mp4,True,314,720,30.0,156,5.2
V_256.mp4,Violence,.mp4,True,410,720,30.0,150,5.0
V_257.mp4,Violence,.mp4,True,410,720,30.0,150,5.0
V_258.mp4,Violence,.mp4,True,282,260,30.0,159,5.3
V_259.mp4,Violence,.mp4,True,338,720,30.0,138,4.6
V_26.mp4,Violence,.mp4,True,584,650,29.97,126,4.2
V_260.mp4,Violence,.mp4,True,398,336,30.0,129,4.3
V_261.mp4,Violence,.mp4,True,262,484,30.0,147,4.9
V_262.mp4,Violence,.mp4,True,262,484,30.0,117,3.9
V_263.mp4,Violence,.mp4,True,398,720,30.0,147,4.9
V_264.mp4,Violence,.mp4,True,398,720,30.0,159,5.3
V_265.mp4,Violence,.mp4,True,428,720,30.0,129,4.3
V_266.mp4,Violence,.mp4,True,428,720,30.0,156,5.2
V_267.mp4,Violence,.mp4,True,428,362,30.0,171,5.7
V_268.mp4,Violence,.mp4,True,202,360,30.0,147,4.9
V_269.mp4,Violence,.mp4,True,202,360,30.0,147,4.9
V_27.mp4,Violence,.mp4,True,654,650,29.97,168,5.61
V_270.mp4,Violence,.mp4,True,202,360,30.0,168,5.6
V_271.mp4,Violence,.mp4,True,202,360,30.0,162,5.4
V_272.mp4,Violence,.mp4,True,1280,720,30.0,162,5.4
V_273.mp4,Violence,.mp4,True,440,360,18.0,92,5.11
V_274.mp4,Violence,.mp4,True,440,360,18.0,92,5.11
V_275.mp4,Violence,.mp4,True,440,360,18.0,92,5.11
V_276.mp4,Violence,.mp4,True,1280,720,30.0,162,5.4
V_277.mp4,Violence,.mp4,True,1280,720,30.0,162,5.4
V_278.mp4,Violence,.mp4,True,1280,720,30.0,162,5.4
V_279.mp4,Violence,.mp4,True,1280,720,30.0,177,5.9
V_28.mp4,Violence,.mp4,True,654,650,29.97,129,4.3
V_280.mp4,Violence,.mp4,True,728,720,30.0,177,5.9
V_281.mp4,Violence,.mp4,True,1280,720,30.0,162,5.4
V_282.mp4,Violence,.mp4,True,1280,720,30.0,162,5.4
V_283.mp4,Violence,.mp4,True,1280,574,29.97,159,5.31
V_284.mp4,Violence,.mp4,True,1280,574,29.97,168,5.61
V_285.mp4,Violence,.mp4,True,1280,720,29.97,156,5.21
V_286.mp4,Violence,.mp4,True,1280,720,29.97,156,5.21
V_287.mp4,Violence,.mp4,True,1280,570,29.97,144,4.8
V_288.mp4,Violence,.mp4,True,1280,720,29.97,129,4.3
V_289.mp4,Violence,.mp4,True,1280,574,29.97,141,4.7
V_29.mp4,Violence,.mp4,True,654,650,29.97,108,3.6
V_290.mp4,Violence,.mp4,True,1280,626,29.97,141,4.7
V_291.mp4,Violence,.mp4,True,1280,720,29.97,144,4.8
V_292.mp4,Violence,.mp4,True,1280,720,29.97,156,5.21
V_293.mp4,Violence,.mp4,True,1280,720,29.97,141,4.7
V_294.mp4,Violence,.mp4,True,1280,720,29.97,144,4.8
V_295.mp4,Violence,.mp4,True,1280,720,29.97,156,5.21
V_296.mp4,Violence,.mp4,True,1280,628,29.97,129,4.3
V_297.mp4,Violence,.mp4,True,1280,574,29.97,141,4.7
V_298.mp4,Violence,.mp4,True,1280,720,29.97,171,5.71
V_299.mp4,Violence,.mp4,True,1280,720,29.97,171,5.71
V_3.mp4,Violence,.mp4,True,1080,1920,25.0,174,6.96
V_30.mp4,Violence,.mp4,True,654,650,29.97,105,3.5
V_300.mp4,Violence,.mp4,True,1280,548,29.97,195,6.51
V_301.mp4,Violence,.mp4,True,1280,720,29.97,132,4.4
V_302.mp4,Violence,.mp4,True,1280,628,29.97,129,4.3
V_303.mp4,Violence,.mp4,True,1280,574,29.97,183,6.11
V_304.mp4,Violence,.mp4,True,1280,720,29.97,156,5.21
V_305.mp4,Violence,.mp4,True,1280,720,29.97,129,4.3
V_306.mp4,Violence,.mp4,True,1280,570,29.97,162,5.41
V_307.mp4,Violence,.mp4,True,1280,720,29.97,156,5.21
V_308.mp4,Violence,.mp4,True,1280,720,29.97,156,5.21
V_309.mp4,Violence,.mp4,True,1280,602,29.97,138,4.6
V_31.mp4,Violence,.mp4,True,180,240,10.5,62,5.9
V_310.mp4,Violence,.mp4,True,1280,574,29.97,156,5.21
V_311.mp4,Violence,.mp4,True,1280,628,29.97,144,4.8
V_312.mp4,Violence,.mp4,True,1280,720,29.97,129,4.3
V_313.mp4,Violence,.mp4,True,1280,720,29.97,156,5.21
V_314.mp4,Violence,.mp4,True,1280,530,29.97,156,5.21
V_315.mp4,Violence,.mp4,True,1280,720,29.97,168,5.61
V_316.mp4,Violence,.mp4,True,1280,628,29.97,156,5.21
V_317.mp4,Violence,.mp4,True,1280,720,29.97,135,4.5
V_318.mp4,Violence,.mp4,True,1280,530,29.97,141,4.7
V_319.mp4,Violence,.mp4,True,1280,720,29.97,144,4.8
V_32.mp4,Violence,.mp4,True,1280,542,25.0,140,5.6
V_320.mp4,Violence,.mp4,True,1280,720,29.97,162,5.41
V_321.mp4,Violence,.mp4,True,1280,574,29.97,132,4.4
V_322.mp4,Violence,.mp4,True,1280,628,29.97,138,4.6
V_323.mp4,Violence,.mp4,True,1280,720,29.97,153,5.11
V_324.mp4,Violence,.mp4,True,1280,720,29.97,171,5.71
V_325.mp4,Violence,.mp4,True,1280,720,29.97,165,5.51
V_326.mp4,Violence,.mp4,True,1280,720,29.97,156,5.21
V_327.mp4,Violence,.mp4,True,1280,574,29.97,129,4.3
V_328.mp4,Violence,.mp4,True,1280,574,29.97,129,4.3
V_329.mp4,Violence,.mp4,True,1280,720,29.97,156,5.21
V_33.mp4,Violence,.mp4,True,1280,542,25.0,143,5.72
V_330.mp4,Violence,.mp4,True,1280,628,29.97,129,4.3
V_331.mp4,Violence,.mp4,True,368,656,30.0,176,5.87
V_332.mp4,Violence,.mp4,True,1280,570,29.97,171,5.71
V_333.mp4,Violence,.mp4,True,1280,672,29.97,132,4.4
V_334.mp4,Violence,.mp4,True,360,360,29.97,114,3.8
V_335.mp4,Violence,.mp4,True,360,360,29.97,141,4.7
V_336.mp4,Violence,.mp4,True,640,360,29.97,165,5.51
V_337.mp4,Violence,.mp4,True,640,360,29.97,141,4.7
V_338.mp4,Violence,.mp4,True,640,360,29.97,123,4.1
V_339.mp4,Violence,.mp4,True,640,360,29.97,129,4.3
V_34.mp4,Violence,.mp4,True,1280,720,25.0,143,5.72
V_340.mp4,Violence,.mp4,True,640,360,29.97,117,3.9
V_341.mp4,Violence,.mp4,True,202,360,29.97,159,5.31
V_342.mp4,Violence,.mp4,True,202,360,29.97,153,5.11
V_343.mp4,Violence,.mp4,True,202,360,29.97,141,4.7
V_344.mp4,Violence,.mp4,True,484,360,29.97,117,3.9
V_345.mp4,Violence,.mp4,True,484,360,29.97,117,3.9
V_346.mp4,Violence,.mp4,True,204,360,29.97,144,4.8
V_347.mp4,Violence,.mp4,True,202,360,29.97,189,6.31
V_348.mp4,Violence,.mp4,True,640,360,29.97,153,5.11
V_349.mp4,Violence,.mp4,True,484,360,29.97,153,5.11
V_35.mp4,Violence,.mp4,True,1280,720,25.0,140,5.6
V_350.mp4,Violence,.mp4,True,360,360,29.97,121,4.04
V_351.mp4,Violence,.mp4,True,360,360,29.97,138,4.6
V_352.mp4,Violence,.mp4,True,360,360,29.97,147,4.9
V_353.mp4,Violence,.mp4,True,640,360,29.97,150,5.0
V_354.mp4,Violence,.mp4,True,1280,720,29.97,141,4.7
V_355.mp4,Violence,.mp4,True,1280,720,29.97,150,5.0
V_356.mp4,Violence,.mp4,True,1280,720,29.97,180,6.01
V_357.mp4,Violence,.mp4,True,1280,720,29.97,150,5.0
V_358.mp4,Violence,.mp4,True,1280,720,29.97,180,6.01
V_359.mp4,Violence,.mp4,True,1280,720,29.97,228,7.61
V_36.mp4,Violence,.mp4,True,1280,720,25.0,140,5.6
V_360.mp4,Violence,.mp4,True,1280,720,29.97,201,6.71
V_361.mp4,Violence,.mp4,True,1280,720,29.97,222,7.41
V_362.mp4,Violence,.mp4,True,1280,720,29.97,150,5.0
V_363.mp4,Violence,.mp4,True,1280,720,29.97,165,5.51
V_364.mp4,Violence,.mp4,True,1280,720,29.97,153,5.11
V_365.mp4,Violence,.mp4,True,1280,720,29.97,150,5.0
V_366.mp4,Violence,.mp4,True,1280,720,29.97,150,5.0
V_367.mp4,Violence,.mp4,True,1280,720,29.97,138,4.6
V_368.mp4,Violence,.mp4,True,1280,720,29.97,153,5.11
V_369.mp4,Violence,.mp4,True,1280,720,25.0,140,5.6
V_37.mp4,Violence,.mp4,True,1280,720,25.0,143,5.72
V_370.mp4,Violence,.mp4,True,960,720,24.0,128,5.33
V_371.mp4,Violence,.mp4,True,400,224,23.0,115,5.0
V_372.mp4,Violence,.mp4,True,1280,720,30.0,150,5.0
V_373.mp4,Violence,.mp4,True,1280,720,30.0,153,5.1
V_374.mp4,Violence,.mp4,True,1280,720,30.0,153,5.1
V_375.mp4,Violence,.mp4,True,1280,720,25.0,125,5.0
V_376.mp4,Violence,.mp4,True,640,354,30.0,150,5.0
V_377.mp4,Violence,.mp4,True,1280,720,25.0,283,11.32
V_378.mp4,Violence,.mp4,True,640,352,25.0,128,5.12
V_379.mp4,Violence,.mp4,True,640,360,25.0,125,5.0
V_38.mp4,Violence,.mp4,True,1280,720,25.0,143,5.72
V_380.mp4,Violence,.mp4,True,640,360,25.0,128,5.12
V_381.mp4,Violence,.mp4,True,360,360,29.93,144,4.81
V_382.mp4,Violence,.mp4,True,640,360,25.0,125,5.0
V_383.mp4,Violence,.mp4,True,640,360,25.0,78,3.12
V_384.mp4,Violence,.mp4,True,1280,720,29.97,150,5.0
V_385.mp4,Violence,.mp4,True,1280,720,29.97,150,5.0
V_386.mp4,Violence,.mp4,True,1280,720,29.97,153,5.11
V_387.mp4,Violence,.mp4,True,1280,720,29.97,150,5.0
V_388.mp4,Violence,.mp4,True,1280,720,29.97,150,5.0
V_389.mp4,Violence,.mp4,True,404,716,29.97,150,5.0
V_39.mp4,Violence,.mp4,True,1280,720,25.0,140,5.6
V_390.mp4,Violence,.mp4,True,404,716,29.97,150,5.0
V_391.mp4,Violence,.mp4,True,404,716,29.97,150,5.0
V_392.mp4,Violence,.mp4,True,404,716,29.97,150,5.0
V_393.mp4,Violence,.mp4,True,404,716,29.97,150,5.0
V_394.mp4,Violence,.mp4,True,404,716,29.97,150,5.0
V_395.mp4,Violence,.mp4,True,766,430,29.97,96,3.2
V_396.mp4,Violence,.mp4,True,360,360,29.93,153,5.11
V_397.mp4,Violence,.mp4,True,360,360,29.93,120,4.01
V_398.mp4,Violence,.mp4,True,1280,720,30.0,4109,136.97
V_399.mp4,Violence,.mp4,True,360,360,29.93,123,4.11
V_4.mp4,Violence,.mp4,True,1080,1920,25.0,151,6.04
V_40.mp4,Violence,.mp4,True,1280,720,25.0,140,5.6
V_400.mp4,Violence,.mp4,True,1280,434,30.0,129,4.3
V_401.mp4,Violence,.mp4,True,360,360,29.93,126,4.21
V_402.mp4,Violence,.mp4,True,360,360,29.93,111,3.71
V_403.mp4,Violence,.mp4,True,360,360,29.93,102,3.41
V_404.mp4,Violence,.mp4,True,360,360,29.93,126,4.21
V_405.mp4,Violence,.mp4,True,360,360,29.93,129,4.31
V_406.mp4,Violence,.mp4,True,360,360,29.93,114,3.81
V_407.mp4,Violence,.mp4,True,1280,720,30.0,138,4.6
V_408.mp4,Violence,.mp4,True,360,360,29.93,105,3.51
V_409.mp4,Violence,.mp4,True,360,360,29.93,147,4.91
V_41.mp4,Violence,.mp4,True,1280,720,25.0,170,6.8
V_410.mp4,Violence,.mp4,True,1280,720,30.0,120,4.0
V_411.mp4,Violence,.mp4,True,1280,720,30.0,111,3.7
V_412.mp4,Violence,.mp4,True,360,360,29.93,120,4.01
V_413.mp4,Violence,.mp4,True,360,360,29.93,117,3.91
V_414.mp4,Violence,.mp4,True,360,302,29.93,114,3.81
V_415.mp4,Violence,.mp4,True,640,352,30.0,96,3.2
V_416.mp4,Violence,.mp4,True,640,352,30.0,129,4.3
V_417.mp4,Violence,.mp4,True,640,352,30.0,126,4.2
V_418.mp4,Violence,.mp4,True,640,352,30.0,111,3.7
V_419.mp4,Violence,.mp4,True,640,352,30.0,102,3.4
V_42.mp4,Violence,.mp4,True,1280,720,25.0,143,5.72
V_420.mp4,Violence,.mp4,True,1280,720,30.0,135,4.5
V_421.mp4,Violence,.mp4,True,1280,720,30.0,159,5.3
V_422.mp4,Violence,.mp4,True,1280,720,30.0,159,5.3
V_423.mp4,Violence,.mp4,True,1280,720,30.0,132,4.4
V_424.mp4,Violence,.mp4,True,1280,720,30.0,150,5.0
V_425.mp4,Violence,.mp4,True,1280,720,30.0,153,5.1
V_426.mp4,Violence,.mp4,True,1280,720,30.0,132,4.4
V_427.mp4,Violence,.mp4,True,632,466,30.0,141,4.7
V_428.mp4,Violence,.mp4,True,632,466,30.0,120,4.0
V_429.mp4,Violence,.mp4,True,1280,720,30.0,120,4.0
V_43.mp4,Violence,.mp4,True,1280,720,25.0,143,5.72
V_430.mp4,Violence,.mp4,True,1280,720,30.0,132,4.4
V_431.mp4,Violence,.mp4,True,1280,720,30.0,129,4.3
V_432.mp4,Violence,.mp4,True,1280,720,30.0,132,4.4
V_433.mp4,Violence,.mp4,True,1280,720,30.0,123,4.1
V_434.mp4,Violence,.mp4,True,1280,720,30.0,117,3.9
V_435.mp4,Violence,.mp4,True,1280,720,30.0,135,4.5
V_436.mp4,Violence,.mp4,True,1280,720,30.0,132,4.4
V_437.mp4,Violence,.mp4,True,1280,720,30.0,141,4.7
V_438.mp4,Violence,.mp4,True,1280,720,30.0,129,4.3
V_439.mp4,Violence,.mp4,True,1280,720,30.0,135,4.5
V_44.mp4,Violence,.mp4,True,406,406,30.0,129,4.3
V_440.mp4,Violence,.mp4,True,1280,720,30.0,120,4.0
V_441.mp4,Violence,.mp4,True,1280,720,30.0,111,3.7
V_442.mp4,Violence,.mp4,True,1280,720,30.0,141,4.7
V_443.mp4,Violence,.mp4,True,1280,720,30.0,141,4.7
V_444.mp4,Violence,.mp4,True,1280,720,30.0,111,3.7
V_445.mp4,Violence,.mp4,True,632,466,30.0,132,4.4
V_446.mp4,Violence,.mp4,True,1280,720,30.0,114,3.8
V_447.mp4,Violence,.mp4,True,1280,720,30.0,129,4.3
V_448.mp4,Violence,.mp4,True,1280,720,30.0,129,4.3
V_449.mp4,Violence,.mp4,True,1280,720,30.0,141,4.7
V_45.mp4,Violence,.mp4,True,406,406,30.0,99,3.3
V_450.mp4,Violence,.mp4,True,1280,720,30.0,153,5.1
V_451.mp4,Violence,.mp4,True,1280,720,30.0,120,4.0
V_452.mp4,Violence,.mp4,True,1280,720,30.0,141,4.7
V_453.mp4,Violence,.mp4,True,1280,720,30.0,120,4.0
V_454.mp4,Violence,.mp4,True,1280,720,30.0,141,4.7
V_455.mp4,Violence,.mp4,True,1280,720,30.0,135,4.5
V_456.mp4,Violence,.mp4,True,1280,720,30.0,129,4.3
V_457.mp4,Violence,.mp4,True,1280,720,30.0,132,4.4
V_458.mp4,Violence,.mp4,True,1280,720,30.0,138,4.6
V_459.mp4,Violence,.mp4,True,470,720,29.97,123,4.1
V_46.mp4,Violence,.mp4,True,406,406,30.0,90,3.0
V_460.mp4,Violence,.mp4,True,470,720,29.97,156,5.21
V_461.mp4,Violence,.mp4,True,712,720,29.97,171,5.71
V_462.mp4,Violence,.mp4,True,1280,720,29.97,186,6.21
V_463.mp4,Violence,.mp4,True,1280,720,29.97,189,6.31
V_464.mp4,Violence,.mp4,True,1280,720,29.97,159,5.31
V_465.mp4,Violence,.mp4,True,1280,720,29.97,141,4.7
V_466.mp4,Violence,.mp4,True,396,720,29.97,165,5.51
V_467.mp4,Violence,.mp4,True,396,720,29.97,129,4.3
V_468.mp4,Violence,.mp4,True,396,720,29.97,150,5.01
V_469.mp4,Violence,.mp4,True,396,720,29.97,147,4.9
V_47.mp4,Violence,.mp4,True,406,406,30.0,102,3.4
V_470.mp4,Violence,.mp4,True,396,720,29.97,132,4.4
V_471.mp4,Violence,.mp4,True,396,720,29.97,120,4.0
V_472.mp4,Violence,.mp4,True,396,720,29.97,147,4.9
V_473.mp4,Violence,.mp4,True,396,720,29.97,126,4.2
V_474.mp4,Violence,.mp4,True,396,720,29.97,141,4.7
V_475.mp4,Violence,.mp4,True,396,720,29.97,141,4.7
V_476.mp4,Violence,.mp4,True,406,720,29.97,150,5.01
V_477.mp4,Violence,.mp4,True,406,720,29.97,159,5.31
V_478.mp4,Violence,.mp4,True,430,720,29.97,135,4.5
V_479.mp4,Violence,.mp4,True,430,720,29.97,159,5.31
V_48.mp4,Violence,.mp4,True,406,406,30.0,108,3.6
V_480.mp4,Violence,.mp4,True,488,720,29.97,144,4.8
V_481.mp4,Violence,.mp4,True,1280,720,29.97,123,4.1
V_482.mp4,Violence,.mp4,True,1280,720,29.97,144,4.8
V_483.mp4,Violence,.mp4,True,428,606,29.97,144,4.8
V_484.mp4,Violence,.mp4,True,428,606,29.97,147,4.9
V_485.mp4,Violence,.mp4,True,428,606,29.97,153,5.11
V_486.mp4,Violence,.mp4,True,576,712,29.97,150,5.01
V_487.mp4,Violence,.mp4,True,576,712,29.97,111,3.7
V_488.mp4,Violence,.mp4,True,576,712,29.97,171,5.71
V_489.mp4,Violence,.mp4,True,576,712,29.97,120,4.0
V_49.mp4,Violence,.mp4,True,406,406,30.0,120,4.0
V_490.mp4,Violence,.mp4,True,576,712,29.97,141,4.7
V_491.mp4,Violence,.mp4,True,576,712,29.97,132,4.4
V_492.mp4,Violence,.mp4,True,406,712,29.97,153,5.11
V_493.mp4,Violence,.mp4,True,406,712,29.97,108,3.6
V_494.mp4,Violence,.mp4,True,592,712,29.97,132,4.4
V_495.mp4,Violence,.mp4,True,592,712,29.97,138,4.6
V_496.mp4,Violence,.mp4,True,424,712,29.97,144,4.8
V_497.mp4,Violence,.mp4,True,1280,720,29.97,144,4.8
V_498.mp4,Violence,.mp4,True,424,712,29.97,138,4.6
V_499.mp4,Violence,.mp4,True,656,712,29.97,129,4.3
V_5.mp4,Violence,.mp4,True,1920,1080,19.48,114,5.85
V_50.mp4,Violence,.mp4,True,406,406,30.0,138,4.6
V_500.mp4,Violence,.mp4,True,656,712,29.97,147,4.9
V_501.mp4,Violence,.mp4,True,656,712,29.97,135,4.5
V_502.mp4,Violence,.mp4,True,656,530,29.97,114,3.8
V_503.mp4,Violence,.mp4,True,406,720,29.97,150,5.01
V_504.mp4,Violence,.mp4,True,854,480,29.97,161,5.37
V_505.mp4,Violence,.mp4,True,406,720,30.0,153,5.1
V_506.mp4,Violence,.mp4,True,224,224,25.0,125,5.0
V_507.mp4,Violence,.mp4,True,408,720,28.73,124,4.32
V_508.mp4,Violence,.mp4,True,408,720,28.73,133,4.63
V_509.mp4,Violence,.mp4,True,408,720,28.73,113,3.93
V_51.mp4,Violence,.mp4,True,406,406,30.0,174,5.8
V_510.mp4,Violence,.mp4,True,408,720,28.73,136,4.73
V_511.mp4,Violence,.mp4,True,406,440,30.0,147,4.9
V_512.mp4,Violence,.mp4,True,406,440,30.0,120,4.0
V_513.mp4,Violence,.mp4,True,640,360,29.97,144,4.8
V_514.mp4,Violence,.mp4,True,640,360,29.97,153,5.11
V_515.mp4,Violence,.mp4,True,206,360,29.97,114,3.8
V_516.mp4,Violence,.mp4,True,206,360,29.97,123,4.1
V_517.mp4,Violence,.mp4,True,206,360,29.97,138,4.6
V_518.mp4,Violence,.mp4,True,640,360,29.97,138,4.6
V_519.mp4,Violence,.mp4,True,640,360,29.97,123,4.1
V_52.mp4,Violence,.mp4,True,406,242,30.0,210,7.0
V_520.mp4,Violence,.mp4,True,452,360,29.97,135,4.5
V_521.mp4,Violence,.mp4,True,452,360,29.97,120,4.0
V_522.mp4,Violence,.mp4,True,452,360,29.97,138,4.6
V_523.mp4,Violence,.mp4,True,206,360,29.97,138,4.6
V_524.mp4,Violence,.mp4,True,406,360,29.97,150,5.0
V_525.mp4,Violence,.mp4,True,640,360,29.97,138,4.6
V_526.mp4,Violence,.mp4,True,224,224,37.0,185,5.0
V_527.mp4,Violence,.mp4,True,224,224,37.0,185,5.0
V_528.mp4,Violence,.mp4,True,224,224,37.0,185,5.0
V_529.mp4,Violence,.mp4,True,224,224,37.0,185,5.0
V_53.mp4,Violence,.mp4,True,406,406,30.0,111,3.7
V_530.mp4,Violence,.mp4,True,224,224,37.0,185,5.0
V_531.mp4,Violence,.mp4,True,224,224,37.0,185,5.0
V_532.mp4,Violence,.mp4,True,224,224,37.0,185,5.0
V_533.mp4,Violence,.mp4,True,224,224,37.0,185,5.0
V_534.mp4,Violence,.mp4,True,224,224,37.0,185,5.0
V_535.mp4,Violence,.mp4,True,224,224,37.0,185,5.0
V_536.mp4,Violence,.mp4,True,224,224,37.0,185,5.0
V_537.mp4,Violence,.mp4,True,224,224,37.0,185,5.0
V_538.mp4,Violence,.mp4,True,224,224,37.0,185,5.0
V_539.mp4,Violence,.mp4,True,224,224,37.0,185,5.0
V_54.mp4,Violence,.mp4,True,406,406,30.0,153,5.1
V_540.mp4,Violence,.mp4,True,224,224,37.0,185,5.0
V_541.mp4,Violence,.mp4,True,224,224,37.0,185,5.0
V_542.mp4,Violence,.mp4,True,224,224,37.0,185,5.0
V_543.mp4,Violence,.mp4,True,224,224,37.0,185,5.0
V_544.mp4,Violence,.mp4,True,224,224,37.0,185,5.0
V_545.mp4,Violence,.mp4,True,224,224,37.0,185,5.0
V_546.mp4,Violence,.mp4,True,224,224,37.0,185,5.0
V_547.mp4,Violence,.mp4,True,224,224,37.0,185,5.0
V_548.mp4,Violence,.mp4,True,224,224,37.0,185,5.0
V_549.mp4,Violence,.mp4,True,224,224,37.0,185,5.0
V_55.mp4,Violence,.mp4,True,162,350,30.0,156,5.2
V_550.mp4,Violence,.mp4,True,224,224,37.0,185,5.0
V_551.mp4,Violence,.mp4,True,224,224,37.0,185,5.0
V_552.mp4,Violence,.mp4,True,224,224,37.0,185,5.0
V_553.mp4,Violence,.mp4,True,224,224,37.0,185,5.0
V_554.mp4,Violence,.mp4,True,224,224,37.0,185,5.0
V_555.mp4,Violence,.mp4,True,224,224,37.0,185,5.0
V_556.mp4,Violence,.mp4,True,224,224,37.0,185,5.0
V_557.mp4,Violence,.mp4,True,224,224,37.0,185,5.0
V_558.mp4,Violence,.mp4,True,224,224,37.0,185,5.0
V_559.mp4,Violence,.mp4,True,224,224,37.0,185,5.0
V_56.mp4,Violence,.mp4,True,406,514,30.0,108,3.6
V_560.mp4,Violence,.mp4,True,224,224,37.0,185,5.0
V_561.mp4,Violence,.mp4,True,224,224,37.0,185,5.0
V_562.mp4,Violence,.mp4,True,224,224,37.0,185,5.0
V_563.mp4,Violence,.mp4,True,224,224,37.0,185,5.0
V_564.mp4,Violence,.mp4,True,224,224,37.0,185,5.0
V_565.mp4,Violence,.mp4,True,224,224,37.0,185,5.0
V_566.mp4,Violence,.mp4,True,224,224,37.0,185,5.0
V_567.mp4,Violence,.mp4,True,224,224,37.0,185,5.0
V_568.mp4,Violence,.mp4,True,224,224,37.0,185,5.0
V_569.mp4,Violence,.mp4,True,224,224,37.0,185,5.0
V_57.mp4,Violence,.mp4,True,406,514,30.0,90,3.0
V_570.mp4,Violence,.mp4,True,224,224,37.0,185,5.0
V_571.mp4,Violence,.mp4,True,224,224,37.0,185,5.0
V_572.mp4,Violence,.mp4,True,224,224,37.0,185,5.0
V_573.mp4,Violence,.mp4,True,224,224,37.0,185,5.0
V_574.mp4,Violence,.mp4,True,224,224,37.0,185,5.0
V_575.mp4,Violence,.mp4,True,224,224,37.0,185,5.0
V_576.mp4,Violence,.mp4,True,224,224,37.0,185,5.0
V_577.mp4,Violence,.mp4,True,224,224,37.0,185,5.0
V_578.mp4,Violence,.mp4,True,224,224,37.0,185,5.0
V_579.mp4,Violence,.mp4,True,224,224,37.0,185,5.0
V_58.mp4,Violence,.mp4,True,406,404,30.0,117,3.9
V_580.mp4,Violence,.mp4,True,224,224,37.0,185,5.0
V_581.mp4,Violence,.mp4,True,224,224,37.0,185,5.0
V_582.mp4,Violence,.mp4,True,224,224,37.0,185,5.0
V_583.mp4,Violence,.mp4,True,224,224,37.0,185,5.0
V_584.mp4,Violence,.mp4,True,224,224,37.0,185,5.0
V_585.mp4,Violence,.mp4,True,224,224,37.0,185,5.0
V_586.mp4,Violence,.mp4,True,224,224,37.0,185,5.0
V_587.mp4,Violence,.mp4,True,224,224,37.0,185,5.0
V_588.mp4,Violence,.mp4,True,224,224,37.0,185,5.0
V_589.mp4,Violence,.mp4,True,224,224,37.0,185,5.0
V_59.mp4,Violence,.mp4,True,406,510,30.0,162,5.4
V_590.mp4,Violence,.mp4,True,224,224,37.0,185,5.0
V_591.mp4,Violence,.mp4,True,224,224,37.0,185,5.0
V_592.mp4,Violence,.mp4,True,224,224,37.0,185,5.0
V_593.mp4,Violence,.mp4,True,224,224,37.0,185,5.0
V_594.mp4,Violence,.mp4,True,224,224,37.0,185,5.0
V_595.mp4,Violence,.mp4,True,224,224,37.0,185,5.0
V_596.mp4,Violence,.mp4,True,224,224,37.0,185,5.0
V_597.mp4,Violence,.mp4,True,224,224,37.0,185,5.0
V_598.mp4,Violence,.mp4,True,224,224,37.0,185,5.0
V_599.mp4,Violence,.mp4,True,224,224,37.0,185,5.0
V_6.mp4,Violence,.mp4,True,1920,1080,22.5,142,6.31
V_60.mp4,Violence,.mp4,True,240,320,30.0,105,3.5
V_600.mp4,Violence,.mp4,True,224,224,37.0,185,5.0
V_601.mp4,Violence,.mp4,True,224,224,37.0,185,5.0
V_602.mp4,Violence,.mp4,True,224,224,37.0,185,5.0
V_603.mp4,Violence,.mp4,True,224,224,37.0,185,5.0
V_604.mp4,Violence,.mp4,True,224,224,37.0,185,5.0
V_605.mp4,Violence,.mp4,True,224,224,37.0,185,5.0
V_606.mp4,Violence,.mp4,True,224,224,37.0,185,5.0
V_607.mp4,Violence,.mp4,True,224,224,37.0,185,5.0
V_608.mp4,Violence,.mp4,True,224,224,37.0,185,5.0
V_609.mp4,Violence,.mp4,True,224,224,37.0,185,5.0
V_61.mp4,Violence,.mp4,True,240,320,30.0,114,3.8
V_610.mp4,Violence,.mp4,True,224,224,37.0,185,5.0
V_611.mp4,Violence,.mp4,True,224,224,37.0,185,5.0
V_612.mp4,Violence,.mp4,True,224,224,37.0,185,5.0
V_613.mp4,Violence,.mp4,True,224,224,37.0,185,5.0
V_614.mp4,Violence,.mp4,True,224,224,37.0,185,5.0
V_615.mp4,Violence,.mp4,True,224,224,37.0,185,5.0
V_616.mp4,Violence,.mp4,True,224,224,37.0,185,5.0
V_617.mp4,Violence,.mp4,True,224,224,37.0,185,5.0
V_618.mp4,Violence,.mp4,True,224,224,37.0,185,5.0
V_619.mp4,Violence,.mp4,True,224,224,37.0,185,5.0
V_62.mp4,Violence,.mp4,True,240,320,30.0,114,3.8
V_620.mp4,Violence,.mp4,True,224,224,37.0,185,5.0
V_621.mp4,Violence,.mp4,True,224,224,37.0,185,5.0
V_622.mp4,Violence,.mp4,True,224,224,37.0,185,5.0
V_623.mp4,Violence,.mp4,True,492,224,25.0,93,3.72
V_624.mp4,Violence,.mp4,True,492,224,25.0,108,4.32
V_625.mp4,Violence,.mp4,True,492,224,25.0,100,4.0
V_626.mp4,Violence,.mp4,True,640,360,29.97,144,4.8
V_627.mp4,Violence,.mp4,True,640,360,29.97,150,5.0
V_628.mp4,Violence,.mp4,True,640,360,29.97,150,5.0
V_629.mp4,Violence,.mp4,True,406,720,29.97,180,6.01
V_63.mp4,Violence,.mp4,True,240,320,30.0,129,4.3
V_630.mp4,Violence,.mp4,True,406,720,29.97,150,5.01
V_631.mp4,Violence,.mp4,True,406,720,29.97,150,5.01
V_632.mp4,Violence,.mp4,True,406,720,29.97,150,5.01
V_633.mp4,Violence,.mp4,True,406,720,29.97,150,5.01
V_634.mp4,Violence,.mp4,True,360,360,29.97,150,5.0
V_635.mp4,Violence,.mp4,True,360,360,29.97,150,5.0
V_636.mp4,Violence,.mp4,True,360,360,29.97,150,5.0
V_637.mp4,Violence,.mp4,True,360,360,29.97,150,5.0
V_638.mp4,Violence,.mp4,True,360,360,29.97,150,5.0
V_639.mp4,Violence,.mp4,True,360,360,29.97,150,5.0
V_64.mp4,Violence,.mp4,True,240,320,30.0,117,3.9
V_640.mp4,Violence,.mp4,True,360,360,29.97,150,5.0
V_641.mp4,Violence,.mp4,True,1920,1080,30.0,150,5.0
V_642.mp4,Violence,.mp4,True,1920,1080,30.0,150,5.0
V_643.mp4,Violence,.mp4,True,1920,1080,30.0,150,5.0
V_644.mp4,Violence,.mp4,True,1920,1080,30.0,150,5.0
V_645.mp4,Violence,.mp4,True,1920,1080,30.0,150,5.0
V_646.mp4,Violence,.mp4,True,1920,1080,30.0,150,5.0
V_647.mp4,Violence,.mp4,True,1920,1080,30.0,150,5.0
V_648.mp4,Violence,.mp4,True,224,224,25.0,125,5.0
V_649.mp4,Violence,.mp4,True,224,224,25.0,125,5.0
V_65.mp4,Violence,.mp4,True,240,320,30.0,123,4.1
V_650.mp4,Violence,.mp4,True,224,224,25.0,125,5.0
V_651.mp4,Violence,.mp4,True,224,224,25.0,125,5.0
V_652.mp4,Violence,.mp4,True,224,224,25.0,125,5.0
V_653.mp4,Violence,.mp4,True,224,224,25.0,125,5.0
V_654.mp4,Violence,.mp4,True,224,224,25.0,125,5.0
V_655.mp4,Violence,.mp4,True,224,224,25.0,125,5.0
V_656.mp4,Violence,.mp4,True,224,224,25.0,125,5.0
V_657.mp4,Violence,.mp4,True,224,224,25.0,125,5.0
V_658.mp4,Violence,.mp4,True,224,224,25.0,125,5.0
V_659.mp4,Violence,.mp4,True,224,224,25.0,125,5.0
V_66.mp4,Violence,.mp4,True,240,320,30.0,105,3.5
V_660.mp4,Violence,.mp4,True,224,224,25.0,125,5.0
V_661.mp4,Violence,.mp4,True,224,224,25.0,125,5.0
V_662.mp4,Violence,.mp4,True,224,224,25.0,125,5.0
V_663.mp4,Violence,.mp4,True,224,224,25.0,125,5.0
V_664.mp4,Violence,.mp4,True,224,224,25.0,125,5.0
V_665.mp4,Violence,.mp4,True,224,224,25.0,125,5.0
V_666.mp4,Violence,.mp4,True,224,224,25.0,125,5.0
V_667.mp4,Violence,.mp4,True,224,224,25.0,125,5.0
V_668.mp4,Violence,.mp4,True,224,224,25.0,125,5.0
V_669.mp4,Violence,.mp4,True,224,224,25.0,125,5.0
V_67.mp4,Violence,.mp4,True,240,320,30.0,108,3.6
V_670.mp4,Violence,.mp4,True,224,224,25.0,125,5.0
V_671.mp4,Violence,.mp4,True,224,224,25.0,125,5.0
V_672.mp4,Violence,.mp4,True,224,224,25.0,125,5.0
V_673.mp4,Violence,.mp4,True,224,224,25.0,125,5.0
V_674.mp4,Violence,.mp4,True,224,224,25.0,125,5.0
V_675.mp4,Violence,.mp4,True,224,224,25.0,125,5.0
V_676.mp4,Violence,.mp4,True,224,224,25.0,125,5.0
V_677.mp4,Violence,.mp4,True,804,546,24.27,122,5.03
V_678.mp4,Violence,.mp4,True,224,224,25.0,125,5.0
V_679.mp4,Violence,.mp4,True,224,224,25.0,125,5.0
V_68.mp4,Violence,.mp4,True,240,320,30.0,123,4.1
V_680.mp4,Violence,.mp4,True,224,224,25.0,125,5.0
V_681.mp4,Violence,.mp4,True,224,224,25.0,125,5.0
V_682.mp4,Violence,.mp4,True,224,224,25.0,125,5.0
V_683.mp4,Violence,.mp4,True,224,224,25.0,125,5.0
V_684.mp4,Violence,.mp4,True,224,224,25.0,125,5.0
V_685.mp4,Violence,.mp4,True,224,224,25.0,125,5.0
V_686.mp4,Violence,.mp4,True,224,224,25.0,125,5.0
V_687.mp4,Violence,.mp4,True,224,224,25.0,125,5.0
V_688.mp4,Violence,.mp4,True,224,224,25.0,125,5.0
V_689.mp4,Violence,.mp4,True,224,224,25.0,125,5.0
V_69.mp4,Violence,.mp4,True,240,320,30.0,105,3.5
V_690.mp4,Violence,.mp4,True,224,224,25.0,125,5.0
V_691.mp4,Violence,.mp4,True,224,224,25.0,125,5.0
V_692.mp4,Violence,.mp4,True,224,224,25.0,125,5.0
V_693.mp4,Violence,.mp4,True,224,224,25.0,125,5.0
V_694.mp4,Violence,.mp4,True,224,224,25.0,125,5.0
V_695.mp4,Violence,.mp4,True,224,224,25.0,125,5.0
V_696.mp4,Violence,.mp4,True,224,224,25.0,125,5.0
V_697.mp4,Violence,.mp4,True,224,224,25.0,125,5.0
V_698.mp4,Violence,.mp4,True,224,224,25.0,125,5.0
V_699.mp4,Violence,.mp4,True,224,224,25.0,125,5.0
V_7.mp4,Violence,.mp4,True,1920,1080,16.66,70,4.2
V_70.mp4,Violence,.mp4,True,398,720,29.97,147,4.9
V_700.mp4,Violence,.mp4,True,224,224,25.0,125,5.0
V_701.mp4,Violence,.mp4,True,224,224,25.0,125,5.0
V_702.mp4,Violence,.mp4,True,224,224,25.0,125,5.0
V_703.mp4,Violence,.mp4,True,224,224,25.0,125,5.0
V_704.mp4,Violence,.mp4,True,224,224,25.0,125,5.0
V_705.mp4,Violence,.mp4,True,224,224,25.0,125,5.0
V_706.mp4,Violence,.mp4,True,224,224,25.0,125,5.0
V_707.mp4,Violence,.mp4,True,224,224,25.0,125,5.0
V_708.mp4,Violence,.mp4,True,224,224,25.0,125,5.0
V_709.mp4,Violence,.mp4,True,224,224,25.0,125,5.0
V_71.mp4,Violence,.mp4,True,1280,720,29.97,150,5.0
V_710.mp4,Violence,.mp4,True,224,224,25.0,125,5.0
V_711.mp4,Violence,.mp4,True,224,224,25.0,125,5.0
V_712.mp4,Violence,.mp4,True,224,224,25.0,125,5.0
V_713.mp4,Violence,.mp4,True,224,224,25.0,125,5.0
V_714.mp4,Violence,.mp4,True,224,224,25.0,125,5.0
V_715.mp4,Violence,.mp4,True,224,224,25.0,125,5.0
V_716.mp4,Violence,.mp4,True,224,224,25.0,125,5.0
V_717.mp4,Violence,.mp4,True,224,224,25.0,125,5.0
V_718.mp4,Violence,.mp4,True,224,224,25.0,125,5.0
V_719.mp4,Violence,.mp4,True,224,224,25.0,125,5.0
V_72.mp4,Violence,.mp4,True,640,360,29.97,150,5.0
V_720.mp4,Violence,.mp4,True,224,224,23.0,115,5.0
V_721.mp4,Violence,.mp4,True,224,224,23.0,115,5.0
V_722.mp4,Violence,.mp4,True,224,224,23.0,115,5.0
V_723.mp4,Violence,.mp4,True,224,224,23.0,115,5.0
V_724.mp4,Violence,.mp4,True,224,224,23.0,115,5.0
V_725.mp4,Violence,.mp4,True,224,224,23.0,115,5.0
V_726.mp4,Violence,.mp4,True,224,224,23.0,115,5.0
V_727.mp4,Violence,.mp4,True,224,224,23.0,115,5.0
V_728.mp4,Violence,.mp4,True,224,224,23.0,115,5.0
V_729.mp4,Violence,.mp4,True,224,224,23.0,115,5.0
V_73.mp4,Violence,.mp4,True,640,360,29.97,150,5.0
V_730.mp4,Violence,.mp4,True,224,224,23.0,115,5.0
V_731.mp4,Violence,.mp4,True,224,224,23.0,115,5.0
V_732.mp4,Violence,.mp4,True,224,224,23.0,115,5.0
V_733.mp4,Violence,.mp4,True,224,224,23.0,115,5.0
V_734.mp4,Violence,.mp4,True,224,224,23.0,115,5.0
V_735.mp4,Violence,.mp4,True,224,224,23.0,115,5.0
V_736.mp4,Violence,.mp4,True,224,224,23.0,115,5.0
V_737.mp4,Violence,.mp4,True,224,224,23.0,115,5.0
V_738.mp4,Violence,.mp4,True,224,224,23.0,115,5.0
V_739.mp4,Violence,.mp4,True,224,224,23.0,115,5.0
V_74.mp4,Violence,.mp4,True,640,360,29.97,153,5.11
V_740.mp4,Violence,.mp4,True,224,224,23.0,115,5.0
V_741.mp4,Violence,.mp4,True,224,224,23.0,115,5.0
V_742.mp4,Violence,.mp4,True,224,224,23.0,115,5.0
V_743.mp4,Violence,.mp4,True,640,360,29.97,141,4.7
V_744.mp4,Violence,.mp4,True,640,360,29.97,147,4.9
V_745.mp4,Violence,.mp4,True,640,360,29.97,165,5.51
V_746.mp4,Violence,.mp4,True,640,360,29.97,144,4.8
V_747.mp4,Violence,.mp4,True,640,360,29.97,135,4.5
V_748.mp4,Violence,.mp4,True,640,360,29.97,150,5.0
V_749.mp4,Violence,.mp4,True,1280,720,29.97,138,4.6
V_75.mp4,Violence,.mp4,True,640,360,29.97,150,5.0
V_750.mp4,Violence,.mp4,True,1280,720,29.97,147,4.9
V_751.mp4,Violence,.mp4,True,1280,720,29.97,135,4.5
V_752.mp4,Violence,.mp4,True,1280,720,29.97,126,4.2
V_753.mp4,Violence,.mp4,True,1280,720,29.97,144,4.8
V_754.mp4,Violence,.mp4,True,1280,720,29.97,129,4.3
V_755.mp4,Violence,.mp4,True,1280,720,29.97,126,4.2
V_756.mp4,Violence,.mp4,True,1280,720,29.97,123,4.1
V_757.mp4,Violence,.mp4,True,1280,720,29.97,114,3.8
V_758.mp4,Violence,.mp4,True,1280,720,29.97,132,4.4
V_759.mp4,Violence,.mp4,True,1280,720,29.97,117,3.9
V_76.mp4,Violence,.mp4,True,640,360,29.97,150,5.0
V_760.mp4,Violence,.mp4,True,1280,720,29.97,123,4.1
V_761.mp4,Violence,.mp4,True,1280,720,29.97,126,4.2
V_762.mp4,Violence,.mp4,True,1280,720,29.97,114,3.8
V_763.mp4,Violence,.mp4,True,1280,720,29.97,129,4.3
V_764.mp4,Violence,.mp4,True,1280,720,29.97,123,4.1
V_765.mp4,Violence,.mp4,True,1280,720,29.97,129,4.3
V_766.mp4,Violence,.mp4,True,1280,720,29.97,123,4.1
V_767.mp4,Violence,.mp4,True,1280,720,29.97,129,4.3
V_768.mp4,Violence,.mp4,True,716,720,30.0,153,5.1
V_769.mp4,Violence,.mp4,True,716,720,30.0,177,5.9
V_77.mp4,Violence,.mp4,True,640,360,29.97,153,5.11
V_770.mp4,Violence,.mp4,True,724,720,30.0,138,4.6
V_771.mp4,Violence,.mp4,True,724,720,30.0,162,5.4
V_772.mp4,Violence,.mp4,True,724,668,30.0,120,4.0
V_773.mp4,Violence,.mp4,True,724,668,30.0,150,5.0
V_774.mp4,Violence,.mp4,True,724,668,30.0,144,4.8
V_775.mp4,Violence,.mp4,True,724,720,30.0,144,4.8
V_776.mp4,Violence,.mp4,True,724,720,30.0,153,5.1
V_777.mp4,Violence,.mp4,True,724,720,30.0,120,4.0
V_778.mp4,Violence,.mp4,True,406,720,30.0,144,4.8
V_779.mp4,Violence,.mp4,True,728,720,30.0,165,5.5
V_78.mp4,Violence,.mp4,True,640,360,29.97,150,5.0
V_780.mp4,Violence,.mp4,True,728,720,30.0,138,4.6
V_781.mp4,Violence,.mp4,True,716,720,30.0,147,4.9
V_782.mp4,Violence,.mp4,True,716,720,30.0,156,5.2
V_783.mp4,Violence,.mp4,True,716,720,30.0,138,4.6
V_784.mp4,Violence,.mp4,True,650,482,30.0,132,4.4
V_785.mp4,Violence,.mp4,True,650,482,30.0,162,5.4
V_786.mp4,Violence,.mp4,True,650,504,30.0,165,5.5
V_787.mp4,Violence,.mp4,True,650,504,30.0,156,5.2
V_788.mp4,Violence,.mp4,True,716,720,30.0,132,4.4
V_789.mp4,Violence,.mp4,True,1280,720,30.0,11272,375.73
V_79.mp4,Violence,.mp4,True,640,360,29.97,108,3.6
V_790.mp4,Violence,.mp4,True,394,548,24.27,136,5.6
V_791.mp4,Violence,.mp4,True,402,546,24.27,122,5.03
V_792.mp4,Violence,.mp4,True,400,546,24.27,122,5.03
V_793.mp4,Violence,.mp4,True,400,546,24.27,100,4.12
V_794.mp4,Violence,.mp4,True,1280,546,24.27,107,4.41
V_795.mp4,Violence,.mp4,True,804,546,24.27,144,5.93
V_796.mp4,Violence,.mp4,True,474,302,24.27,119,4.9
V_797.mp4,Violence,.mp4,True,1280,546,24.27,122,5.03
V_798.mp4,Violence,.mp4,True,1280,546,24.27,124,5.11
V_799.mp4,Violence,.mp4,True,804,546,24.27,117,4.82
V_8.mp4,Violence,.mp4,True,1920,1080,15.98,85,5.32
V_80.mp4,Violence,.mp4,True,640,360,29.97,153,5.11
V_800.mp4,Violence,.mp4,True,406,536,30.0,153,5.1
V_801.mp4,Violence,.mp4,True,416,548,30.0,150,5.0
V_802.mp4,Violence,.mp4,True,406,530,30.0,183,6.1
V_803.mp4,Violence,.mp4,True,406,530,30.0,153,5.1
V_804.mp4,Violence,.mp4,True,406,530,30.0,144,4.8
V_805.mp4,Violence,.mp4,True,406,664,30.0,153,5.1
V_806.mp4,Violence,.mp4,True,406,664,30.0,153,5.1
V_807.mp4,Violence,.mp4,True,406,614,30.0,144,4.8
V_808.mp4,Violence,.mp4,True,406,614,30.0,174,5.8
V_809.mp4,Violence,.mp4,True,406,614,30.0,153,5.1
V_81.mp4,Violence,.mp4,True,640,360,29.97,153,5.11
V_810.mp4,Violence,.mp4,True,406,536,30.0,162,5.4
V_811.mp4,Violence,.mp4,True,1070,548,30.0,123,4.1
V_812.mp4,Violence,.mp4,True,406,536,30.0,132,4.4
V_813.mp4,Violence,.mp4,True,406,536,30.0,168,5.6
V_814.mp4,Violence,.mp4,True,406,536,30.0,141,4.7
V_815.mp4,Violence,.mp4,True,406,536,30.0,144,4.8
V_816.mp4,Violence,.mp4,True,406,720,30.0,144,4.8
V_817.mp4,Violence,.mp4,True,406,720,30.0,168,5.6
V_818.mp4,Violence,.mp4,True,406,530,30.0,123,4.1
V_819.mp4,Violence,.mp4,True,406,700,30.0,156,5.2
V_82.mp4,Violence,.mp4,True,640,360,29.97,162,5.41
V_820.mp4,Violence,.mp4,True,424,608,30.0,144,4.8
V_821.mp4,Violence,.mp4,True,424,512,30.0,144,4.8
V_822.mp4,Violence,.mp4,True,424,512,30.0,126,4.2
V_823.mp4,Violence,.mp4,True,976,600,30.0,147,4.9
V_824.mp4,Violence,.mp4,True,976,600,30.0,147,4.9
V_825.mp4,Violence,.mp4,True,352,600,30.0,183,6.1
V_826.mp4,Violence,.mp4,True,406,600,30.0,126,4.2
V_827.mp4,Violence,.mp4,True,416,548,30.0,144,4.8
V_828.mp4,Violence,.mp4,True,608,1080,29.97,141,4.7
V_829.mp4,Violence,.mp4,True,640,644,30.0,150,5.0
V_83.mp4,Violence,.mp4,True,640,360,29.97,153,5.11
V_830.mp4,Violence,.mp4,True,720,720,30.0,150,5.0
V_831.mp4,Violence,.mp4,True,614,714,30.0,156,5.2
V_832.mp4,Violence,.mp4,True,728,714,30.0,150,5.0
V_833.mp4,Violence,.mp4,True,728,714,30.0,153,5.1
V_834.mp4,Violence,.mp4,True,718,714,30.0,150,5.0
V_835.mp4,Violence,.mp4,True,526,714,30.0,150,5.0
V_836.mp4,Violence,.mp4,True,822,714,30.0,150,5.0
V_837.mp4,Violence,.mp4,True,724,714,30.0,126,4.2
V_838.mp4,Violence,.mp4,True,724,714,30.0,153,5.1
V_839.mp4,Violence,.mp4,True,834,714,30.0,150,5.0
V_84.mp4,Violence,.mp4,True,640,360,29.97,150,5.0
V_840.mp4,Violence,.mp4,True,834,714,30.0,150,5.0
V_841.mp4,Violence,.mp4,True,400,510,30.0,150,5.0
V_842.mp4,Violence,.mp4,True,644,714,30.0,132,4.4
V_843.mp4,Violence,.mp4,True,644,714,30.0,150,5.0
V_844.mp4,Violence,.mp4,True,670,692,30.0,156,5.2
V_845.mp4,Violence,.mp4,True,670,692,30.0,150,5.0
V_846.mp4,Violence,.mp4,True,926,472,30.0,150,5.0
V_847.mp4,Violence,.mp4,True,1280,720,30.0,132,4.4
V_848.mp4,Violence,.mp4,True,744,714,30.0,111,3.7
V_849.mp4,Violence,.mp4,True,614,604,30.0,135,4.5
V_85.mp4,Violence,.mp4,True,640,360,29.97,150,5.0
V_850.mp4,Violence,.mp4,True,1280,720,30.0,168,5.6
V_851.mp4,Violence,.mp4,True,720,720,30.0,162,5.4
V_852.mp4,Violence,.mp4,True,726,670,30.0,117,3.9
V_853.mp4,Violence,.mp4,True,726,650,30.0,138,4.6
V_854.mp4,Violence,.mp4,True,726,650,30.0,129,4.3
V_855.mp4,Violence,.mp4,True,726,650,30.0,138,4.6
V_856.mp4,Violence,.mp4,True,726,650,30.0,117,3.9
V_857.mp4,Violence,.mp4,True,726,620,30.0,132,4.4
V_858.mp4,Violence,.mp4,True,714,620,30.0,129,4.3
V_859.mp4,Violence,.mp4,True,714,620,30.0,117,3.9
V_86.mp4,Violence,.mp4,True,640,360,29.97,150,5.0
V_860.mp4,Violence,.mp4,True,714,620,30.0,129,4.3
V_861.mp4,Violence,.mp4,True,714,720,30.0,147,4.9
V_862.mp4,Violence,.mp4,True,714,720,30.0,117,3.9
V_863.mp4,Violence,.mp4,True,726,670,30.0,117,3.9
V_864.mp4,Violence,.mp4,True,714,720,30.0,123,4.1
V_865.mp4,Violence,.mp4,True,726,670,30.0,135,4.5
V_866.mp4,Violence,.mp4,True,726,670,30.0,123,4.1
V_867.mp4,Violence,.mp4,True,726,670,30.0,117,3.9
V_868.mp4,Violence,.mp4,True,726,670,30.0,129,4.3
V_869.mp4,Violence,.mp4,True,726,670,30.0,126,4.2
V_87.mp4,Violence,.mp4,True,640,360,29.97,120,4.0
V_870.mp4,Violence,.mp4,True,726,670,30.0,117,3.9
V_871.mp4,Violence,.mp4,True,726,670,30.0,156,5.2
V_872.mp4,Violence,.mp4,True,726,670,30.0,159,5.3
V_873.mp4,Violence,.mp4,True,224,224,30.0,150,5.0
V_874.mp4,Violence,.mp4,True,224,224,30.0,150,5.0
V_875.mp4,Violence,.mp4,True,224,224,30.0,150,5.0
V_876.mp4,Violence,.mp4,True,224,224,30.0,150,5.0
V_877.mp4,Violence,.mp4,True,224,224,30.0,150,5.0
V_878.mp4,Violence,.mp4,True,224,224,30.0,150,5.0
V_879.mp4,Violence,.mp4,True,224,224,30.0,150,5.0
V_88.mp4,Violence,.mp4,True,640,360,29.97,138,4.6
V_880.mp4,Violence,.mp4,True,228,296,30.0,129,4.3
V_881.mp4,Violence,.mp4,True,288,296,30.0,153,5.1
V_882.mp4,Violence,.mp4,True,288,296,30.0,150,5.0
V_883.mp4,Violence,.mp4,True,228,296,30.0,162,5.4
V_884.mp4,Violence,.mp4,True,288,296,30.0,153,5.1
V_885.mp4,Violence,.mp4,True,288,296,30.0,153,5.1
V_886.mp4,Violence,.mp4,True,202,360,29.94,174,5.81
V_887.mp4,Violence,.mp4,True,136,240,30.0,120,4.0
V_888.mp4,Violence,.mp4,True,360,360,30.0,126,4.2
V_889.mp4,Violence,.mp4,True,424,360,30.0,132,4.4
V_89.mp4,Violence,.mp4,True,640,360,29.97,153,5.11
V_890.mp4,Violence,.mp4,True,136,240,29.47,133,4.51
V_891.mp4,Violence,.mp4,True,136,240,29.47,124,4.21
V_892.mp4,Violence,.mp4,True,136,240,29.47,139,4.72
V_893.mp4,Violence,.mp4,True,136,240,29.47,107,3.63
V_894.mp4,Violence,.mp4,True,360,360,29.0,139,4.79
V_895.mp4,Violence,.mp4,True,360,360,29.0,119,4.1
V_896.mp4,Violence,.mp4,True,360,360,29.0,125,4.31
V_897.mp4,Violence,.mp4,True,360,360,29.0,122,4.21
V_898.mp4,Violence,.mp4,True,288,360,29.97,129,4.3
V_899.mp4,Violence,.mp4,True,288,360,29.97,174,5.81
V_9.mp4,Violence,.mp4,True,1920,1080,16.67,120,7.2
V_90.mp4,Violence,.mp4,True,640,360,29.97,150,5.0
V_900.mp4,Violence,.mp4,True,288,360,29.97,126,4.2
V_901.mp4,Violence,.mp4,True,288,360,29.97,150,5.0
V_902.mp4,Violence,.mp4,True,288,360,29.97,180,6.01
V_903.mp4,Violence,.mp4,True,202,360,30.0,147,4.9
V_904.mp4,Violence,.mp4,True,360,360,30.0,165,5.5
V_905.mp4,Violence,.mp4,True,360,360,30.0,135,4.5
V_906.mp4,Violence,.mp4,True,360,360,30.0,129,4.3
V_907.mp4,Violence,.mp4,True,136,240,30.0,162,5.4
V_908.mp4,Violence,.mp4,True,136,240,30.0,141,4.7
V_909.mp4,Violence,.mp4,True,288,360,30.0,102,3.4
V_91.mp4,Violence,.mp4,True,640,360,29.97,150,5.0
V_910.mp4,Violence,.mp4,True,360,360,29.0,131,4.52
V_911.mp4,Violence,.mp4,True,360,360,29.0,137,4.72
V_912.mp4,Violence,.mp4,True,360,360,29.0,122,4.21
V_913.mp4,Violence,.mp4,True,198,360,29.97,144,4.8
V_914.mp4,Violence,.mp4,True,198,360,29.97,156,5.21
V_915.mp4,Violence,.mp4,True,198,360,29.97,141,4.7
V_916.mp4,Violence,.mp4,True,198,360,29.97,150,5.0
V_917.mp4,Violence,.mp4,True,202,360,24.16,112,4.63
V_918.mp4,Violence,.mp4,True,202,360,24.16,112,4.63
V_919.mp4,Violence,.mp4,True,288,360,30.0,126,4.2
V_92.mp4,Violence,.mp4,True,640,360,29.97,150,5.0
V_920.mp4,Violence,.mp4,True,202,360,24.16,112,4.63
V_921.mp4,Violence,.mp4,True,202,360,24.16,107,4.43
V_922.mp4,Violence,.mp4,True,202,360,24.16,129,5.34
V_923.mp4,Violence,.mp4,True,424,360,30.0,147,4.9
V_924.mp4,Violence,.mp4,True,424,360,30.0,144,4.8
V_925.mp4,Violence,.mp4,True,424,360,30.0,162,5.4
V_926.mp4,Violence,.mp4,True,424,360,30.0,126,4.2
V_927.mp4,Violence,.mp4,True,424,360,30.0,132,4.4
V_928.mp4,Violence,.mp4,True,360,360,30.0,150,5.0
V_929.mp4,Violence,.mp4,True,198,360,29.91,153,5.12
V_93.mp4,Violence,.mp4,True,1280,720,29.97,153,5.11
V_930.mp4,Violence,.mp4,True,640,360,30.0,189,6.3
V_931.mp4,Violence,.mp4,True,198,360,29.91,162,5.42
V_932.mp4,Violence,.mp4,True,288,360,30.0,153,5.1
V_933.mp4,Violence,.mp4,True,288,360,30.0,147,4.9
V_934.mp4,Violence,.mp4,True,288,360,30.0,135,4.5
V_935.mp4,Violence,.mp4,True,360,360,29.77,123,4.13
V_936.mp4,Violence,.mp4,True,360,360,29.97,153,5.11
V_937.mp4,Violence,.mp4,True,360,360,29.97,141,4.7
V_938.mp4,Violence,.mp4,True,360,360,29.97,138,4.6
V_939.mp4,Violence,.mp4,True,202,360,29.0,125,4.31
V_94.mp4,Violence,.mp4,True,640,360,29.97,120,4.0
V_940.mp4,Violence,.mp4,True,202,360,29.0,145,5.0
V_941.mp4,Violence,.mp4,True,202,360,29.0,143,4.93
V_942.mp4,Violence,.mp4,True,202,360,29.0,154,5.31
V_943.mp4,Violence,.mp4,True,202,360,29.0,137,4.72
V_944.mp4,Violence,.mp4,True,360,360,29.97,126,4.2
V_945.mp4,Violence,.mp4,True,360,360,29.97,135,4.5
V_946.mp4,Violence,.mp4,True,360,360,30.0,132,4.4
V_947.mp4,Violence,.mp4,True,360,360,30.0,138,4.6
V_948.mp4,Violence,.mp4,True,360,360,30.0,141,4.7
V_949.mp4,Violence,.mp4,True,360,360,30.0,123,4.1
V_95.mp4,Violence,.mp4,True,640,360,29.97,141,4.7
V_950.mp4,Violence,.mp4,True,360,360,30.0,129,4.3
V_951.mp4,Violence,.mp4,True,640,360,30.0,147,4.9
V_952.mp4,Violence,.mp4,True,198,360,29.91,144,4.82
V_953.mp4,Violence,.mp4,True,202,360,30.0,186,6.2
V_954.mp4,Violence,.mp4,True,202,360,30.0,156,5.2
V_955.mp4,Violence,.mp4,True,202,360,30.0,186,6.2
V_956.mp4,Violence,.mp4,True,202,360,30.0,156,5.2
V_957.mp4,Violence,.mp4,True,194,298,29.97,159,5.31
V_958.mp4,Violence,.mp4,True,194,298,29.97,126,4.2
V_959.mp4,Violence,.mp4,True,194,298,29.97,126,4.2
V_96.mp4,Violence,.mp4,True,640,360,29.97,150,5.0
V_960.mp4,Violence,.mp4,True,194,298,29.97,114,3.8
V_961.mp4,Violence,.mp4,True,194,298,29.97,135,4.5
V_962.mp4,Violence,.mp4,True,194,298,29.97,141,4.7
V_963.mp4,Violence,.mp4,True,198,360,29.91,150,5.02
V_964.mp4,Violence,.mp4,True,292,360,30.0,150,5.0
V_965.mp4,Violence,.mp4,True,406,720,30.0,150,5.0
V_966.mp4,Violence,.mp4,True,406,720,30.0,150,5.0
V_967.mp4,Violence,.mp4,True,406,720,30.0,150,5.0
V_968.mp4,Violence,.mp4,True,406,720,30.0,153,5.1
V_969.mp4,Violence,.mp4,True,406,720,30.0,162,5.4
V_97.mp4,Violence,.mp4,True,640,360,29.97,153,5.11
V_970.mp4,Violence,.mp4,True,406,720,30.0,159,5.3
V_971.mp4,Violence,.mp4,True,406,720,30.0,156,5.2
V_972.mp4,Violence,.mp4,True,406,720,30.0,87,2.9
V_973.mp4,Violence,.mp4,True,292,360,30.0,150,5.0
V_974.mp4,Violence,.mp4,True,292,360,30.0,153,5.1
V_975.mp4,Violence,.mp4,True,292,360,30.0,150,5.0
V_976.mp4,Violence,.mp4,True,406,720,30.0,150,5.0
V_977.mp4,Violence,.mp4,True,292,360,30.0,150,5.0
V_978.mp4,Violence,.mp4,True,292,360,30.0,150,5.0
V_979.mp4,Violence,.mp4,True,292,360,30.0,150,5.0
V_98.mp4,Violence,.mp4,True,640,360,29.97,150,5.0
V_980.mp4,Violence,.mp4,True,292,360,30.0,150,5.0
V_981.mp4,Violence,.mp4,True,292,360,30.0,150,5.0
V_982.mp4,Violence,.mp4,True,292,360,30.0,150,5.0
V_983.mp4,Violence,.mp4,True,292,360,30.0,150,5.0
V_984.mp4,Violence,.mp4,True,292,360,30.0,150,5.0
V_985.mp4,Violence,.mp4,True,292,360,30.0,150,5.0
V_986.mp4,Violence,.mp4,True,406,720,30.0,156,5.2
V_987.mp4,Violence,.mp4,True,292,360,30.0,150,5.0
V_988.mp4,Violence,.mp4,True,292,360,30.0,150,5.0
V_989.mp4,Violence,.mp4,True,292,360,30.0,150,5.0
V_99.mp4,Violence,.mp4,True,640,360,29.97,150,5.0
V_990.mp4,Violence,.mp4,True,292,360,30.0,150,5.0
V_991.mp4,Violence,.mp4,True,292,360,30.0,150,5.0
V_992.mp4,Violence,.mp4,True,292,360,30.0,150,5.0
V_993.mp4,Violence,.mp4,True,292,360,30.0,150,5.0
V_994.mp4,Violence,.mp4,True,292,360,30.0,150,5.0
V_995.mp4,Violence,.mp4,True,260,360,30.0,150,5.0
V_996.mp4,Violence,.mp4,True,260,360,30.0,150,5.0
V_997.mp4,Violence,.mp4,True,406,720,30.0,150,5.0
V_998.mp4,Violence,.mp4,True,260,360,30.0,150,5.0
V_999.mp4,Violence,.mp4,True,260,360,30.0,150,5.0
